dataset,regime,condition,effort,sparsity,score
AUC,aligned,dice_first,1.849,1.967,15.573
AUC,aligned,policy_repair,1.349,1.464,15.001
AUC,aligned,policy_repair_escalate,2.181,2.321,15.787
AUC,aligned,posthoc_full_gate,1.921,2.035,15.561
AUC,aligned,posthoc_policy_filter,1.922,2.038,15.564
AUC,aligned,rank_edit,2.092,2.339,15.259
AUC,aligned,rank_edit_fallback,2.091,2.337,15.26
AUC,aligned,rank_only,1.651,1.818,15.228
AUC,floor,dice_first,2.822,1.934,15.539
AUC,floor,policy_repair,2.249,1.464,15.001
AUC,floor,policy_repair_escalate,3.635,2.321,15.787
AUC,floor,posthoc_full_gate,2.945,1.992,15.534
AUC,floor,posthoc_policy_filter,2.942,1.994,15.537
AUC,floor,rank_edit,3.476,2.359,15.2
AUC,floor,rank_edit_fallback,3.459,2.347,15.202
AUC,floor,rank_only,2.655,1.781,15.22
AUC,mismatch,dice_first,2.908,1.967,15.573
AUC,mismatch,policy_repair,2.249,1.464,15.001
AUC,mismatch,policy_repair_escalate,3.635,2.321,15.787
AUC,mismatch,posthoc_full_gate,3.045,2.035,15.561
AUC,mismatch,posthoc_policy_filter,3.048,2.038,15.564
AUC,mismatch,rank_edit,3.469,2.346,15.21
AUC,mismatch,rank_edit_fallback,3.456,2.337,15.211
AUC,mismatch,rank_only,2.735,1.821,15.228
HarvardX,aligned,dice_first,1.404,1.928,0.0
HarvardX,aligned,posthoc_full_gate,1.412,1.935,0.0
HarvardX,aligned,posthoc_policy_filter,1.404,1.928,0.0
HarvardX,aligned,rank_edit,0.843,1.629,0.0
HarvardX,aligned,rank_edit_fallback,0.843,1.629,0.0
HarvardX,aligned,rank_only,0.843,1.629,0.0
OULAD,aligned,dice_first,1.706,1.999,50.401
OULAD,aligned,policy_repair,1.443,1.995,40.0
OULAD,aligned,policy_repair_escalate,1.955,2.458,51.686
OULAD,aligned,posthoc_full_gate,1.802,2.088,49.898
OULAD,aligned,posthoc_policy_filter,1.8,2.086,49.941
OULAD,aligned,rank_edit,1.776,2.263,44.949
OULAD,aligned,rank_edit_fallback,1.782,2.27,44.911
OULAD,aligned,rank_only,1.584,1.992,46.259
OULAD,floor,dice_first,2.359,1.914,55.314
OULAD,floor,policy_repair,3.124,4.035,41.924
OULAD,floor,policy_repair_escalate,4.507,5.077,52.732
OULAD,floor,posthoc_full_gate,2.581,1.963,56.411
OULAD,floor,posthoc_policy_filter,2.559,1.948,53.887
OULAD,floor,rank_edit,4.464,4.649,55.908
OULAD,floor,rank_edit_fallback,4.516,4.705,55.903
OULAD,floor,rank_only,2.286,1.882,52.419
OULAD,mismatch,dice_first,2.47,1.926,56.342
OULAD,mismatch,policy_repair,3.124,4.035,41.924
OULAD,mismatch,policy_repair_escalate,4.507,5.077,52.732
OULAD,mismatch,posthoc_full_gate,2.613,1.968,56.716
OULAD,mismatch,posthoc_policy_filter,2.618,1.954,54.364
OULAD,mismatch,rank_edit,4.529,4.693,56.049
OULAD,mismatch,rank_edit_fallback,4.596,4.768,56.097
OULAD,mismatch,rank_only,2.298,1.876,52.721
