dataset,regime,condition,below_policy_threshold,classifier_target_not_met,immutable_changed,no_candidate,out_of_bounds
AUC,aligned,CARE_bounded,96.2,0.0,3.8,0.0,0.0
AUC,aligned,CARE_bounded+edit,96.2,0.0,3.8,0.0,0.0
AUC,aligned,CARE_native,0.0,0.0,81.1,0.0,18.9
AUC,aligned,MCCE_bounded,29.5,0.0,0.0,70.5,0.0
AUC,aligned,MCCE_bounded+edit,29.5,0.0,0.0,70.5,0.0
AUC,aligned,MCCE_native,30.5,0.0,0.0,53.1,16.4
AUC,aligned,NICE_bounded,98.5,1.5,0.0,0.0,0.0
AUC,aligned,NICE_bounded+edit,97.4,2.6,0.0,0.0,0.0
AUC,aligned,NICE_native,59.3,0.0,39.4,0.0,1.3
HarvardX,aligned,CARE_native,0.0,0.0,0.0,0.0,100.0
HarvardX,aligned,MCCE_bounded,0.0,0.0,0.0,100.0,0.0
HarvardX,aligned,MCCE_bounded+edit,0.0,0.0,0.0,100.0,0.0
HarvardX,aligned,MCCE_native,0.0,0.0,0.0,0.1,99.9
HarvardX,aligned,NICE_bounded,0.0,100.0,0.0,0.0,0.0
HarvardX,aligned,NICE_bounded+edit,0.0,100.0,0.0,0.0,0.0
HarvardX,aligned,NICE_native,0.0,0.0,0.5,0.0,99.5
OULAD,aligned,CARE_bounded,96.4,0.0,3.6,0.0,0.0
OULAD,aligned,CARE_bounded+edit,21.6,66.7,11.8,0.0,0.0
OULAD,aligned,CARE_native,73.8,0.0,23.4,0.0,2.7
OULAD,aligned,MCCE_bounded,47.2,0.0,0.0,52.8,0.0
OULAD,aligned,MCCE_bounded+edit,2.1,7.9,0.0,90.0,0.0
OULAD,aligned,MCCE_native,41.8,0.0,0.0,36.7,21.5
OULAD,aligned,NICE_bounded,85.4,14.6,0.0,0.0,0.0
OULAD,aligned,NICE_bounded+edit,0.7,99.3,0.0,0.0,0.0
OULAD,aligned,NICE_native,62.2,0.0,33.2,0.0,4.6
OULAD,floor,CARE_bounded,15.0,0.0,2.5,0.0,82.5
OULAD,floor,CARE_bounded+edit,0.0,20.0,10.0,0.0,70.0
OULAD,floor,CARE_native,56.0,0.0,0.0,0.0,44.0
OULAD,floor,MCCE_bounded,0.1,0.0,0.0,99.8,0.1
OULAD,floor,MCCE_bounded+edit,0.1,0.0,0.0,99.8,0.1
OULAD,floor,MCCE_native,30.8,0.0,0.0,27.0,42.3
OULAD,floor,NICE_bounded,40.5,59.5,0.0,0.0,0.0
OULAD,floor,NICE_bounded+edit,40.5,59.5,0.0,0.0,0.0
OULAD,floor,NICE_native,52.7,0.0,0.1,0.0,47.2
