dataset,regime,subset,condition,yield_pct,effort_accepted
AUC,aligned,"CARE queries (n=300, seeds=3)",CARE_bounded,38.0 ± 9.5,2.066
AUC,aligned,"CARE queries (n=300, seeds=3)",CARE_bounded+edit,39.0 ± 10.1,2.083
AUC,aligned,"CARE queries (n=300, seeds=3)",CARE_native,13.7 ± 4.2,2.48
AUC,aligned,"CARE queries (n=300, seeds=3)",DiCE first candidate,32.7 ± 2.3,1.806
AUC,aligned,"CARE queries (n=300, seeds=3)",Direct policy repair + escalation,71.7 ± 4.6,2.152
AUC,aligned,"CARE queries (n=300, seeds=3)",DiCE + post-hoc full gate,39.7 ± 1.2,1.833
AUC,aligned,"CARE queries (n=300, seeds=3)",Framework (ranking + edit + gate),71.7 ± 4.7,2.064
AUC,aligned,"CARE queries (n=300, seeds=3)",Framework + fallback,72.3 ± 4.0,2.062
AUC,aligned,"MCCE queries (n=2587, seeds=10)",MCCE_bounded,31.1 ± 6.3,2.142
AUC,aligned,"MCCE queries (n=2587, seeds=10)",MCCE_bounded+edit,31.1 ± 6.3,2.142
AUC,aligned,"MCCE queries (n=2587, seeds=10)",MCCE_native,19.3 ± 4.9,2.128
AUC,aligned,"MCCE queries (n=2587, seeds=10)",DiCE first candidate,28.0 ± 3.8,1.849
AUC,aligned,"MCCE queries (n=2587, seeds=10)",Direct policy repair + escalation,65.9 ± 4.3,2.181
AUC,aligned,"MCCE queries (n=2587, seeds=10)",DiCE + post-hoc full gate,37.3 ± 2.9,1.921
AUC,aligned,"MCCE queries (n=2587, seeds=10)",Framework (ranking + edit + gate),65.6 ± 4.2,2.092
AUC,aligned,"MCCE queries (n=2587, seeds=10)",Framework + fallback,66.3 ± 4.4,2.091
AUC,aligned,"NICE queries (n=2587, seeds=10)",NICE_bounded,14.4 ± 3.8,2.263
AUC,aligned,"NICE queries (n=2587, seeds=10)",NICE_bounded+edit,28.0 ± 3.4,2.369
AUC,aligned,"NICE queries (n=2587, seeds=10)",NICE_native,14.3 ± 3.4,2.26
AUC,aligned,"NICE queries (n=2587, seeds=10)",DiCE first candidate,28.0 ± 3.8,1.849
AUC,aligned,"NICE queries (n=2587, seeds=10)",Direct policy repair + escalation,65.9 ± 4.3,2.181
AUC,aligned,"NICE queries (n=2587, seeds=10)",DiCE + post-hoc full gate,37.3 ± 2.9,1.921
AUC,aligned,"NICE queries (n=2587, seeds=10)",Framework (ranking + edit + gate),65.6 ± 4.2,2.092
AUC,aligned,"NICE queries (n=2587, seeds=10)",Framework + fallback,66.3 ± 4.4,2.091
HarvardX,aligned,"CARE queries (n=300, seeds=3)",CARE_bounded,100.0 ± 0.0,0.405
HarvardX,aligned,"CARE queries (n=300, seeds=3)",CARE_bounded+edit,100.0 ± 0.0,0.405
HarvardX,aligned,"CARE queries (n=300, seeds=3)",CARE_native,45.3 ± 11.0,0.46
HarvardX,aligned,"CARE queries (n=300, seeds=3)",DiCE first candidate,98.0 ± 2.0,1.357
HarvardX,aligned,"CARE queries (n=300, seeds=3)",DiCE + post-hoc full gate,100.0 ± 0.0,1.373
HarvardX,aligned,"CARE queries (n=300, seeds=3)",Framework (ranking + edit + gate),100.0 ± 0.0,0.786
HarvardX,aligned,"CARE queries (n=300, seeds=3)",Framework + fallback,100.0 ± 0.0,0.786
HarvardX,aligned,"MCCE queries (n=1999, seeds=5)",MCCE_bounded,99.8 ± 0.1,0.554
HarvardX,aligned,"MCCE queries (n=1999, seeds=5)",MCCE_bounded+edit,99.8 ± 0.1,0.554
HarvardX,aligned,"MCCE queries (n=1999, seeds=5)",MCCE_native,59.8 ± 2.4,0.57
HarvardX,aligned,"MCCE queries (n=1999, seeds=5)",DiCE first candidate,98.5 ± 0.4,1.404
HarvardX,aligned,"MCCE queries (n=1999, seeds=5)",DiCE + post-hoc full gate,99.9 ± 0.1,1.412
HarvardX,aligned,"MCCE queries (n=1999, seeds=5)",Framework (ranking + edit + gate),99.9 ± 0.1,0.843
HarvardX,aligned,"MCCE queries (n=1999, seeds=5)",Framework + fallback,99.9 ± 0.1,0.843
HarvardX,aligned,"NICE queries (n=1999, seeds=5)",NICE_bounded,50.5 ± 1.7,0.348
HarvardX,aligned,"NICE queries (n=1999, seeds=5)",NICE_bounded+edit,50.5 ± 1.7,0.348
HarvardX,aligned,"NICE queries (n=1999, seeds=5)",NICE_native,50.5 ± 1.7,0.348
HarvardX,aligned,"NICE queries (n=1999, seeds=5)",DiCE first candidate,98.5 ± 0.4,1.404
HarvardX,aligned,"NICE queries (n=1999, seeds=5)",DiCE + post-hoc full gate,99.9 ± 0.1,1.412
HarvardX,aligned,"NICE queries (n=1999, seeds=5)",Framework (ranking + edit + gate),99.9 ± 0.1,0.843
HarvardX,aligned,"NICE queries (n=1999, seeds=5)",Framework + fallback,99.9 ± 0.1,0.843
OULAD,aligned,"CARE queries (n=300, seeds=3)",CARE_bounded,43.7 ± 3.1,0.785
OULAD,aligned,"CARE queries (n=300, seeds=3)",CARE_bounded+edit,83.0 ± 8.2,0.991
OULAD,aligned,"CARE queries (n=300, seeds=3)",CARE_native,14.7 ± 3.1,0.681
OULAD,aligned,"CARE queries (n=300, seeds=3)",DiCE first candidate,76.0 ± 5.0,1.29
OULAD,aligned,"CARE queries (n=300, seeds=3)",Direct policy repair + escalation,94.7 ± 2.1,0.706
OULAD,aligned,"CARE queries (n=300, seeds=3)",DiCE + post-hoc full gate,98.7 ± 0.6,1.371
OULAD,aligned,"CARE queries (n=300, seeds=3)",Framework (ranking + edit + gate),100.0 ± 0.0,0.879
OULAD,aligned,"CARE queries (n=300, seeds=3)",Framework + fallback,100.0 ± 0.0,0.879
OULAD,aligned,"MCCE queries (n=3914, seeds=5)",MCCE_bounded,44.3 ± 5.3,1.283
OULAD,aligned,"MCCE queries (n=3914, seeds=5)",MCCE_bounded+edit,67.3 ± 2.1,1.363
OULAD,aligned,"MCCE queries (n=3914, seeds=5)",MCCE_native,26.5 ± 3.3,1.223
OULAD,aligned,"MCCE queries (n=3914, seeds=5)",DiCE first candidate,76.5 ± 2.1,1.287
OULAD,aligned,"MCCE queries (n=3914, seeds=5)",Direct policy repair + escalation,91.2 ± 8.6,0.686
OULAD,aligned,"MCCE queries (n=3914, seeds=5)",DiCE + post-hoc full gate,99.3 ± 0.4,1.344
OULAD,aligned,"MCCE queries (n=3914, seeds=5)",Framework (ranking + edit + gate),99.9 ± 0.1,0.873
OULAD,aligned,"MCCE queries (n=3914, seeds=5)",Framework + fallback,100.0 ± 0.0,0.873
OULAD,aligned,"NICE queries (n=3914, seeds=5)",NICE_bounded,15.5 ± 7.7,0.521
OULAD,aligned,"NICE queries (n=3914, seeds=5)",NICE_bounded+edit,57.9 ± 9.6,0.902
OULAD,aligned,"NICE queries (n=3914, seeds=5)",NICE_native,15.5 ± 7.7,0.521
OULAD,aligned,"NICE queries (n=3914, seeds=5)",DiCE first candidate,76.5 ± 2.1,1.287
OULAD,aligned,"NICE queries (n=3914, seeds=5)",Direct policy repair + escalation,91.2 ± 8.6,0.686
OULAD,aligned,"NICE queries (n=3914, seeds=5)",DiCE + post-hoc full gate,99.3 ± 0.4,1.344
OULAD,aligned,"NICE queries (n=3914, seeds=5)",Framework (ranking + edit + gate),99.9 ± 0.1,0.873
OULAD,aligned,"NICE queries (n=3914, seeds=5)",Framework + fallback,100.0 ± 0.0,0.873
OULAD,floor,"CARE queries (n=100, seeds=1)",CARE_bounded,20.0,3.729
OULAD,floor,"CARE queries (n=100, seeds=1)",CARE_bounded+edit,80.0,3.371
OULAD,floor,"CARE queries (n=100, seeds=1)",CARE_native,0.0,
OULAD,floor,"CARE queries (n=100, seeds=1)",DiCE first candidate,0.0,
OULAD,floor,"CARE queries (n=100, seeds=1)",Direct policy repair + escalation,99.0,2.753
OULAD,floor,"CARE queries (n=100, seeds=1)",DiCE + post-hoc full gate,1.0,3.043
OULAD,floor,"CARE queries (n=100, seeds=1)",Framework (ranking + edit + gate),96.0,3.273
OULAD,floor,"CARE queries (n=100, seeds=1)",Framework + fallback,100.0,3.28
OULAD,floor,"MCCE queries (n=3914, seeds=5)",MCCE_bounded,14.8 ± 2.1,4.132
OULAD,floor,"MCCE queries (n=3914, seeds=5)",MCCE_bounded+edit,14.8 ± 2.1,4.132
OULAD,floor,"MCCE queries (n=3914, seeds=5)",MCCE_native,0.1 ± 0.1,1.894
OULAD,floor,"MCCE queries (n=3914, seeds=5)",DiCE first candidate,0.3 ± 0.1,2.496
OULAD,floor,"MCCE queries (n=3914, seeds=5)",Direct policy repair + escalation,99.6 ± 0.3,2.655
OULAD,floor,"MCCE queries (n=3914, seeds=5)",DiCE + post-hoc full gate,0.7 ± 0.2,2.58
OULAD,floor,"MCCE queries (n=3914, seeds=5)",Framework (ranking + edit + gate),98.5 ± 1.4,3.166
OULAD,floor,"MCCE queries (n=3914, seeds=5)",Framework + fallback,99.9 ± 0.1,3.17
OULAD,floor,"NICE queries (n=3914, seeds=5)",NICE_bounded,87.1 ± 5.2,2.72
OULAD,floor,"NICE queries (n=3914, seeds=5)",NICE_bounded+edit,87.1 ± 5.2,2.72
OULAD,floor,"NICE queries (n=3914, seeds=5)",NICE_native,0.0 ± 0.1,1.588
OULAD,floor,"NICE queries (n=3914, seeds=5)",DiCE first candidate,0.3 ± 0.1,2.496
OULAD,floor,"NICE queries (n=3914, seeds=5)",Direct policy repair + escalation,99.6 ± 0.3,2.655
OULAD,floor,"NICE queries (n=3914, seeds=5)",DiCE + post-hoc full gate,0.7 ± 0.2,2.58
OULAD,floor,"NICE queries (n=3914, seeds=5)",Framework (ranking + edit + gate),98.5 ± 1.4,3.166
OULAD,floor,"NICE queries (n=3914, seeds=5)",Framework + fallback,99.9 ± 0.1,3.17
