model,attribute,group,n,base_fail,flag_rate,fail_recall,false_flag
complete record,age,0-35,1901.6,0.323,0.278,0.776,0.041
complete record,age,35+,844.6,0.245,0.209,0.768,0.028
complete record,disability,Disability: no,2533.0,0.293,0.252,0.772,0.037
complete record,disability,Disability: yes,213.2,0.366,0.312,0.79,0.034
complete record,gender,Female,1255.2,0.289,0.243,0.756,0.034
complete record,gender,Male,1491.0,0.308,0.269,0.788,0.039
complete record,imd,IMD 0-30% (most deprived),852.8,0.395,0.345,0.805,0.045
complete record,imd,IMD 30-70%,1072.2,0.28,0.244,0.773,0.037
complete record,imd,IMD 70-100%,721.4,0.228,0.184,0.717,0.027
complete record,imd,IMD missing,99.8,0.187,0.172,0.729,0.044
stage 1,age,0-35,1901.6,0.323,0.128,0.315,0.038
stage 1,age,35+,844.6,0.245,0.116,0.365,0.035
stage 1,disability,Disability: no,2533.0,0.293,0.122,0.328,0.037
stage 1,disability,Disability: yes,213.2,0.366,0.141,0.324,0.034
stage 1,gender,Female,1255.2,0.289,0.127,0.342,0.039
stage 1,gender,Male,1491.0,0.308,0.122,0.317,0.035
stage 1,imd,IMD 0-30% (most deprived),852.8,0.395,0.17,0.36,0.045
stage 1,imd,IMD 30-70%,1072.2,0.28,0.12,0.326,0.04
stage 1,imd,IMD 70-100%,721.4,0.228,0.082,0.28,0.023
stage 1,imd,IMD missing,99.8,0.187,0.074,0.226,0.044
stage 2,age,0-35,1901.6,0.323,0.196,0.5,0.051
stage 2,age,35+,844.6,0.245,0.162,0.535,0.041
stage 2,disability,Disability: no,2533.0,0.293,0.183,0.508,0.048
stage 2,disability,Disability: yes,213.2,0.366,0.216,0.504,0.047
stage 2,gender,Female,1255.2,0.289,0.166,0.47,0.043
stage 2,gender,Male,1491.0,0.308,0.201,0.539,0.052
stage 2,imd,IMD 0-30% (most deprived),852.8,0.395,0.247,0.544,0.054
stage 2,imd,IMD 30-70%,1072.2,0.28,0.179,0.505,0.053
stage 2,imd,IMD 70-100%,721.4,0.228,0.131,0.455,0.035
stage 2,imd,IMD missing,99.8,0.187,0.115,0.425,0.048
stage 3,age,0-35,1901.6,0.323,0.223,0.599,0.044
stage 3,age,35+,844.6,0.245,0.184,0.642,0.036
stage 3,disability,Disability: no,2533.0,0.293,0.207,0.609,0.041
stage 3,disability,Disability: yes,213.2,0.366,0.257,0.618,0.047
stage 3,gender,Female,1255.2,0.289,0.192,0.548,0.047
stage 3,gender,Male,1491.0,0.308,0.228,0.658,0.036
stage 3,imd,IMD 0-30% (most deprived),852.8,0.395,0.289,0.649,0.055
stage 3,imd,IMD 30-70%,1072.2,0.28,0.195,0.594,0.04
stage 3,imd,IMD 70-100%,721.4,0.228,0.152,0.562,0.031
stage 3,imd,IMD missing,99.8,0.187,0.144,0.595,0.042
