method,attribute,contrast,outcome,n,raw_diff,adj_diff,ci_lo,ci_hi,p,p_holm
CARE (bounded),gender,Female - Male,yield_pp,300,-16.4706,-2.333,-21.6694,17.0033,0.8131,1.0
CARE (bounded),gender,Female - Male,effort,88,0.5772,0.0588,-0.2678,0.3853,0.7244,1.0
CARE (bounded),age,35+ - 0-35,yield_pp,300,1.4205,-0.9242,-13.2732,11.4248,0.8834,1.0
CARE (bounded),age,35+ - 0-35,effort,88,0.3714,0.1046,-0.1642,0.3735,0.4456,1.0
CARE (bounded),imd,IMD 0-30% (most deprived) - IMD 70-100%,yield_pp,175,-4.3011,-5.3111,-20.39,9.7679,0.49,1.0
CARE (bounded),imd,IMD 0-30% (most deprived) - IMD 70-100%,effort,53,0.2416,0.0397,-0.2013,0.2806,0.7469,1.0
CARE (bounded),disability,Disability: yes - Disability: no,yield_pp,300,0.3256,5.0985,-13.2327,23.4297,0.5857,1.0
CARE (bounded),disability,Disability: yes - Disability: no,effort,88,0.3526,0.2075,-0.0554,0.4704,0.1218,1.0
MCCE (bounded),gender,Female - Male,yield_pp,4500,10.1972,1.7008,-3.3953,6.7969,0.513,1.0
MCCE (bounded),gender,Female - Male,effort,2036,1.3328,-0.0754,-0.2125,0.0616,0.2805,1.0
MCCE (bounded),age,35+ - 0-35,yield_pp,4500,3.6186,1.3718,-2.6101,5.3536,0.4995,1.0
MCCE (bounded),age,35+ - 0-35,effort,2036,0.3862,0.1007,-0.0112,0.2126,0.0777,1.0
MCCE (bounded),imd,IMD 0-30% (most deprived) - IMD 70-100%,yield_pp,2722,1.7459,-1.0653,-5.8196,3.6889,0.6605,1.0
MCCE (bounded),imd,IMD 0-30% (most deprived) - IMD 70-100%,effort,1237,0.3318,-0.0091,-0.1301,0.1119,0.883,1.0
MCCE (bounded),disability,Disability: yes - Disability: no,yield_pp,4500,2.3616,4.1601,-2.021,10.3412,0.1871,1.0
MCCE (bounded),disability,Disability: yes - Disability: no,effort,2036,0.013,0.0142,-0.1457,0.1742,0.8615,1.0
NICE (bounded),gender,Female - Male,yield_pp,4500,-5.859,-0.0267,-2.0248,1.9714,0.9791,1.0
NICE (bounded),gender,Female - Male,effort,222,-0.0074,0.0466,-0.0433,0.1365,0.3093,1.0
NICE (bounded),age,35+ - 0-35,yield_pp,4500,-0.5252,0.2904,-1.3734,1.9542,0.7323,1.0
NICE (bounded),age,35+ - 0-35,effort,222,-0.1461,-0.0641,-0.1117,-0.0165,0.0083,0.5291
NICE (bounded),imd,IMD 0-30% (most deprived) - IMD 70-100%,yield_pp,2722,-3.046,-1.757,-3.8565,0.3426,0.101,1.0
NICE (bounded),imd,IMD 0-30% (most deprived) - IMD 70-100%,effort,133,0.0062,-0.0181,-0.0832,0.047,0.5857,1.0
NICE (bounded),disability,Disability: yes - Disability: no,yield_pp,4500,-1.0578,-0.853,-3.1511,1.445,0.4669,1.0
NICE (bounded),disability,Disability: yes - Disability: no,effort,222,-0.0302,-0.0139,-0.0777,0.0499,0.6692,1.0
DiCE first candidate,gender,Female - Male,yield_pp,4500,-15.6731,3.1931,-0.9201,7.3063,0.1281,1.0
DiCE first candidate,gender,Female - Male,effort,1553,0.1806,0.0115,-0.059,0.0819,0.7497,1.0
DiCE first candidate,age,35+ - 0-35,yield_pp,4500,-3.0807,-0.5157,-3.9802,2.9488,0.7705,1.0
DiCE first candidate,age,35+ - 0-35,effort,1553,0.0368,0.0097,-0.0358,0.0551,0.6768,1.0
DiCE first candidate,imd,IMD 0-30% (most deprived) - IMD 70-100%,yield_pp,2722,-4.6497,-0.6173,-5.0101,3.7754,0.783,1.0
DiCE first candidate,imd,IMD 0-30% (most deprived) - IMD 70-100%,effort,903,0.0537,0.0013,-0.0534,0.056,0.9639,1.0
DiCE first candidate,disability,Disability: yes - Disability: no,yield_pp,4500,-0.0217,-0.761,-6.2249,4.7029,0.7849,1.0
DiCE first candidate,disability,Disability: yes - Disability: no,effort,1553,-0.0208,-0.022,-0.0913,0.0474,0.5346,1.0
Policy repair + escalation,gender,Female - Male,yield_pp,4500,5.5676,-0.1727,-2.6801,2.3347,0.8926,1.0
Policy repair + escalation,gender,Female - Male,effort,4102,0.3735,-0.064,-0.1427,0.0148,0.1117,1.0
Policy repair + escalation,age,35+ - 0-35,yield_pp,4500,1.9147,0.5941,-1.2619,2.4502,0.5304,1.0
Policy repair + escalation,age,35+ - 0-35,effort,4102,0.0236,-0.0464,-0.1071,0.0143,0.1341,1.0
Policy repair + escalation,imd,IMD 0-30% (most deprived) - IMD 70-100%,yield_pp,2722,1.3198,-0.045,-2.4212,2.3312,0.9704,1.0
Policy repair + escalation,imd,IMD 0-30% (most deprived) - IMD 70-100%,effort,2481,0.1662,0.0411,-0.0329,0.1152,0.2765,1.0
Policy repair + escalation,disability,Disability: yes - Disability: no,yield_pp,4500,-2.0051,-0.9088,-4.2264,2.4089,0.5914,1.0
Policy repair + escalation,disability,Disability: yes - Disability: no,effort,4102,-0.0332,-0.0062,-0.0989,0.0866,0.8964,1.0
DiCE + full gate,gender,Female - Male,yield_pp,4500,-18.8904,0.0091,-4.6743,4.6925,0.997,1.0
DiCE + full gate,gender,Female - Male,effort,3182,0.2018,-0.0416,-0.0961,0.0129,0.1348,1.0
DiCE + full gate,age,35+ - 0-35,yield_pp,4500,-2.2504,0.4231,-3.0343,3.8806,0.8104,1.0
DiCE + full gate,age,35+ - 0-35,effort,3182,0.0381,0.0055,-0.0324,0.0435,0.7749,1.0
DiCE + full gate,imd,IMD 0-30% (most deprived) - IMD 70-100%,yield_pp,2722,-2.1994,2.2454,-2.0512,6.542,0.3057,1.0
DiCE + full gate,imd,IMD 0-30% (most deprived) - IMD 70-100%,effort,1916,0.0863,0.0197,-0.0263,0.0657,0.4008,1.0
DiCE + full gate,disability,Disability: yes - Disability: no,yield_pp,4500,-0.5358,-0.4987,-5.396,4.3985,0.8418,1.0
DiCE + full gate,disability,Disability: yes - Disability: no,effort,3182,-0.0197,-0.0145,-0.0692,0.0401,0.6023,1.0
Framework,gender,Female - Male,yield_pp,4500,-0.5438,0.7924,-1.0821,2.667,0.4074,1.0
Framework,gender,Female - Male,effort,4241,0.3002,-0.0417,-0.1069,0.0236,0.2109,1.0
Framework,age,35+ - 0-35,yield_pp,4500,1.084,0.5097,-0.9116,1.9309,0.4821,1.0
Framework,age,35+ - 0-35,effort,4241,0.0486,-0.0118,-0.0605,0.0369,0.6353,1.0
Framework,imd,IMD 0-30% (most deprived) - IMD 70-100%,yield_pp,2722,0.0836,-0.0484,-1.9692,1.8724,0.9606,1.0
Framework,imd,IMD 0-30% (most deprived) - IMD 70-100%,effort,2556,0.1083,0.01,-0.0515,0.0715,0.749,1.0
Framework,disability,Disability: yes - Disability: no,yield_pp,4500,-0.7645,-0.732,-3.176,1.7119,0.5571,1.0
Framework,disability,Disability: yes - Disability: no,effort,4241,-0.0156,-0.0132,-0.085,0.0585,0.7177,1.0
Framework + fallback,gender,Female - Male,yield_pp,4500,-0.2624,0.1296,-1.5535,1.8128,0.88,1.0
Framework + fallback,gender,Female - Male,effort,4282,0.2963,-0.0447,-0.1097,0.0204,0.1785,1.0
Framework + fallback,age,35+ - 0-35,yield_pp,4500,0.8561,0.1519,-1.1602,1.464,0.8205,1.0
Framework + fallback,age,35+ - 0-35,effort,4282,0.0468,-0.0129,-0.0617,0.0359,0.6046,1.0
Framework + fallback,imd,IMD 0-30% (most deprived) - IMD 70-100%,yield_pp,2722,-0.0482,-0.3791,-2.1274,1.3692,0.6708,1.0
Framework + fallback,imd,IMD 0-30% (most deprived) - IMD 70-100%,effort,2582,0.1048,0.0081,-0.0533,0.0695,0.7969,1.0
Framework + fallback,disability,Disability: yes - Disability: no,yield_pp,4500,0.1426,0.1265,-2.0154,2.2683,0.9079,1.0
Framework + fallback,disability,Disability: yes - Disability: no,effort,4282,-0.0127,-0.0105,-0.0823,0.0613,0.7738,1.0
