method,attribute,group,n,yield_pct,effort,policy_score
CARE (bounded),gender,Female,130,20.0,2.006,45.643
CARE (bounded),gender,Male,170,36.471,1.429,45.209
CARE (bounded),age,0-35,221,28.959,1.498,45.049
CARE (bounded),age,35+,79,30.38,1.87,46.107
CARE (bounded),imd,IMD 0-30% (most deprived),124,29.032,1.659,45.526
CARE (bounded),imd,IMD 30-70%,115,28.696,1.624,44.416
CARE (bounded),imd,IMD 70-100%,51,33.333,1.417,46.892
CARE (bounded),imd,IMD missing,10,20.0,1.671,43.938
CARE (bounded),disability,Disability: no,273,29.304,1.567,45.356
CARE (bounded),disability,Disability: yes,27,29.63,1.92,45.154
MCCE (bounded),gender,Female,1963,50.993,3.103,48.319
MCCE (bounded),gender,Male,2537,40.796,1.771,46.395
MCCE (bounded),age,0-35,3291,44.272,2.316,47.211
MCCE (bounded),age,35+,1209,47.891,2.702,47.666
MCCE (bounded),imd,IMD 0-30% (most deprived),1861,45.997,2.573,47.583
MCCE (bounded),imd,IMD 30-70%,1676,44.451,2.39,47.202
MCCE (bounded),imd,IMD 70-100%,861,44.251,2.241,46.978
MCCE (bounded),imd,IMD missing,102,52.941,1.903,47.971
MCCE (bounded),disability,Disability: no,4097,45.033,2.425,47.351
MCCE (bounded),disability,Disability: yes,403,47.395,2.438,47.244
NICE (bounded),gender,Female,1963,1.63,1.238,43.008
NICE (bounded),gender,Male,2537,7.489,1.245,42.07
NICE (bounded),age,0-35,3291,5.074,1.28,42.233
NICE (bounded),age,35+,1209,4.549,1.134,42.122
NICE (bounded),imd,IMD 0-30% (most deprived),1861,3.923,1.205,42.28
NICE (bounded),imd,IMD 30-70%,1676,4.833,1.305,42.278
NICE (bounded),imd,IMD 70-100%,861,6.969,1.199,41.947
NICE (bounded),imd,IMD missing,102,7.843,1.325,42.72
NICE (bounded),disability,Disability: no,4097,5.028,1.246,42.214
NICE (bounded),disability,Disability: yes,403,3.97,1.216,42.09
DiCE first candidate,gender,Female,1963,25.675,1.828,49.071
DiCE first candidate,gender,Male,2537,41.348,1.647,51.04
DiCE first candidate,age,0-35,3291,35.339,1.697,50.549
DiCE first candidate,age,35+,1209,32.258,1.733,49.96
DiCE first candidate,imd,IMD 0-30% (most deprived),1861,31.703,1.724,49.977
DiCE first candidate,imd,IMD 30-70%,1676,35.74,1.711,50.259
DiCE first candidate,imd,IMD 70-100%,861,36.353,1.671,51.401
DiCE first candidate,imd,IMD missing,102,50.0,1.654,50.815
DiCE first candidate,disability,Disability: no,4097,34.513,1.708,50.608
DiCE first candidate,disability,Disability: yes,403,34.491,1.687,48.295
Policy repair + escalation,gender,Female,1963,94.294,2.16,49.444
Policy repair + escalation,gender,Male,2537,88.727,1.786,53.53
Policy repair + escalation,age,0-35,3291,90.641,1.949,52.252
Policy repair + escalation,age,35+,1209,92.556,1.972,50.176
Policy repair + escalation,imd,IMD 0-30% (most deprived),1861,91.564,2.03,51.936
Policy repair + escalation,imd,IMD 30-70%,1676,91.05,1.933,51.13
Policy repair + escalation,imd,IMD 70-100%,861,90.244,1.864,52.355
Policy repair + escalation,imd,IMD missing,102,93.137,1.704,50.658
Policy repair + escalation,disability,Disability: no,4097,91.335,1.958,51.785
Policy repair + escalation,disability,Disability: yes,403,89.33,1.925,50.653
DiCE + full gate,gender,Female,1963,60.061,1.929,48.865
DiCE + full gate,gender,Male,2537,78.952,1.728,50.506
DiCE + full gate,age,0-35,3291,71.316,1.792,50.125
DiCE + full gate,age,35+,1209,69.065,1.83,49.262
DiCE + full gate,imd,IMD 0-30% (most deprived),1861,69.694,1.838,49.721
DiCE + full gate,imd,IMD 30-70%,1676,70.167,1.79,49.824
DiCE + full gate,imd,IMD 70-100%,861,71.893,1.752,50.277
DiCE + full gate,imd,IMD missing,102,88.235,1.798,50.816
DiCE + full gate,disability,Disability: no,4097,70.759,1.804,50.05
DiCE + full gate,disability,Disability: yes,403,70.223,1.784,48.344
Framework,gender,Female,1963,93.938,1.946,43.946
Framework,gender,Male,2537,94.482,1.646,45.721
Framework,age,0-35,3291,93.953,1.763,45.105
Framework,age,35+,1209,95.037,1.812,44.528
Framework,imd,IMD 0-30% (most deprived),1861,93.928,1.821,45.052
Framework,imd,IMD 30-70%,1676,94.57,1.771,44.532
Framework,imd,IMD 70-100%,861,93.844,1.712,45.403
Framework,imd,IMD missing,102,98.039,1.617,46.082
Framework,disability,Disability: no,4097,94.313,1.778,45.005
Framework,disability,Disability: yes,403,93.548,1.762,44.374
Framework + fallback,gender,Female,1963,95.008,1.949,43.91
Framework + fallback,gender,Male,2537,95.27,1.653,45.683
Framework + fallback,age,0-35,3291,94.926,1.769,45.062
Framework + fallback,age,35+,1209,95.782,1.816,44.502
Framework + fallback,imd,IMD 0-30% (most deprived),1861,94.841,1.824,45.013
Framework + fallback,imd,IMD 30-70%,1676,95.465,1.777,44.498
Framework + fallback,imd,IMD 70-100%,861,94.89,1.719,45.354
Framework + fallback,imd,IMD missing,102,98.039,1.617,46.082
Framework + fallback,disability,Disability: no,4097,95.143,1.783,44.97
Framework + fallback,disability,Disability: yes,403,95.285,1.77,44.31
