,,DPD,DPD,EOD,EOD,FPR_gap,FPR_gap
,,mean,std,mean,std,mean,std
model,attribute,,,,,,
complete record,age,0.057,0.023,0.043,0.035,0.013,0.007
complete record,disability,0.092,0.026,0.019,0.024,0.034,0.031
complete record,gender,0.013,0.011,0.018,0.013,0.005,0.004
complete record,imd,0.151,0.038,0.137,0.076,0.051,0.008
stage 1,age,0.009,0.009,0.033,0.023,0.01,0.008
stage 1,disability,0.02,0.012,0.036,0.01,0.007,0.004
stage 1,gender,0.013,0.01,0.031,0.017,0.008,0.006
stage 1,imd,0.055,0.01,0.115,0.085,0.036,0.016
stage 2,age,0.021,0.013,0.037,0.03,0.005,0.004
stage 2,disability,0.043,0.02,0.026,0.028,0.016,0.004
stage 2,gender,0.039,0.008,0.07,0.014,0.015,0.009
stage 2,imd,0.083,0.013,0.134,0.039,0.03,0.023
stage 3,age,0.032,0.013,0.019,0.014,0.008,0.006
stage 3,disability,0.059,0.018,0.032,0.033,0.028,0.017
stage 3,gender,0.01,0.011,0.021,0.015,0.016,0.012
stage 3,imd,0.122,0.024,0.149,0.055,0.025,0.008
