dataset,regime,variant,yield_,changed_selection_pct,mean_effort_accepted
AUC,aligned,drop_feas,56.1 ± 3.9,18.8,1.998
AUC,aligned,drop_policy,52.0 ± 5.2,78.0,2.191
AUC,aligned,drop_prox,66.1 ± 4.3,0.5,2.091
AUC,aligned,drop_spar,65.6 ± 4.2,0.0,2.092
AUC,aligned,lp_1,52.0 ± 5.2,78.0,2.191
AUC,aligned,lp_10,57.1 ± 5.5,14.3,2.151
AUC,aligned,lp_100,61.4 ± 4.8,7.9,2.117
AUC,aligned,lx_0.1,66.1 ± 4.3,0.5,2.091
AUC,aligned,lx_10,61.6 ± 4.9,7.2,2.116
AUC,aligned,rank_edit,65.6 ± 4.2,0.0,2.092
AUC,floor,drop_feas,53.8 ± 4.5,21.2,3.294
AUC,floor,drop_policy,51.0 ± 5.4,73.3,3.645
AUC,floor,drop_prox,66.1 ± 4.4,1.8,3.459
AUC,floor,drop_spar,64.6 ± 4.3,0.0,3.476
AUC,floor,lp_1,51.0 ± 5.4,73.3,3.645
AUC,floor,lp_10,53.6 ± 4.6,16.5,3.607
AUC,floor,lp_100,60.5 ± 4.2,6.6,3.515
AUC,floor,lx_0.1,66.1 ± 4.4,1.8,3.459
AUC,floor,lx_10,60.5 ± 4.2,6.5,3.515
AUC,floor,rank_edit,64.6 ± 4.3,0.0,3.476
AUC,mismatch,drop_feas,55.5 ± 4.0,18.8,3.315
AUC,mismatch,drop_policy,50.6 ± 5.4,72.1,3.634
AUC,mismatch,drop_prox,66.1 ± 4.3,1.3,3.457
AUC,mismatch,drop_spar,65.0 ± 4.5,0.0,3.469
AUC,mismatch,lp_1,50.6 ± 5.4,72.1,3.634
AUC,mismatch,lp_10,53.1 ± 5.0,18.5,3.604
AUC,mismatch,lp_100,60.9 ± 4.7,7.7,3.513
AUC,mismatch,lx_0.1,66.1 ± 4.3,1.3,3.457
AUC,mismatch,lx_10,61.1 ± 4.8,7.0,3.51
AUC,mismatch,rank_edit,65.0 ± 4.5,0.0,3.469
HarvardX,aligned,drop_feas,99.8 ± 0.2,0.1,0.843
HarvardX,aligned,drop_policy,99.9 ± 0.1,0.0,0.843
HarvardX,aligned,drop_prox,99.9 ± 0.1,0.7,0.845
HarvardX,aligned,drop_spar,99.9 ± 0.1,3.9,0.836
HarvardX,aligned,lp_1,99.9 ± 0.1,0.0,0.843
HarvardX,aligned,lp_10,99.9 ± 0.1,0.0,0.843
HarvardX,aligned,lp_100,99.9 ± 0.1,0.0,0.843
HarvardX,aligned,lx_0.1,99.9 ± 0.1,0.2,0.843
HarvardX,aligned,lx_10,99.9 ± 0.1,3.1,0.837
HarvardX,aligned,rank_edit,99.9 ± 0.1,0.0,0.843
OULAD,aligned,drop_feas,91.0 ± 1.4,3.7,1.749
OULAD,aligned,drop_policy,78.8 ± 10.6,77.6,1.735
OULAD,aligned,drop_prox,94.2 ± 1.2,3.8,1.788
OULAD,aligned,drop_spar,94.2 ± 1.2,0.6,1.776
OULAD,aligned,lp_1,83.7 ± 5.5,64.9,1.689
OULAD,aligned,lp_10,92.9 ± 1.4,11.5,1.749
OULAD,aligned,lp_100,94.1 ± 1.3,0.9,1.775
OULAD,aligned,lx_0.1,94.2 ± 1.2,0.0,1.777
OULAD,aligned,lx_10,94.1 ± 1.3,1.1,1.775
OULAD,aligned,rank_edit,94.2 ± 1.2,0.0,1.776
OULAD,floor,drop_feas,80.4 ± 4.7,12.8,4.402
OULAD,floor,drop_policy,71.9 ± 6.0,50.4,4.042
OULAD,floor,drop_prox,82.8 ± 5.5,2.6,4.481
OULAD,floor,drop_spar,82.8 ± 5.5,1.0,4.462
OULAD,floor,lp_1,73.6 ± 4.2,48.9,4.134
OULAD,floor,lp_10,81.0 ± 5.6,7.5,4.446
OULAD,floor,lp_100,82.7 ± 5.4,0.7,4.464
OULAD,floor,lx_0.1,82.8 ± 5.5,0.1,4.465
OULAD,floor,lx_10,82.7 ± 5.4,1.3,4.462
OULAD,floor,rank_edit,82.8 ± 5.5,0.0,4.464
OULAD,mismatch,drop_feas,81.7 ± 5.1,13.8,4.465
OULAD,mismatch,drop_policy,71.6 ± 6.2,49.6,4.052
OULAD,mismatch,drop_prox,84.1 ± 5.3,2.6,4.548
OULAD,mismatch,drop_spar,84.1 ± 5.3,0.3,4.529
OULAD,mismatch,lp_1,73.5 ± 5.0,47.4,4.161
OULAD,mismatch,lp_10,82.3 ± 5.0,7.7,4.499
OULAD,mismatch,lp_100,83.8 ± 5.4,0.8,4.53
OULAD,mismatch,lx_0.1,84.1 ± 5.3,0.0,4.529
OULAD,mismatch,lx_10,83.9 ± 5.4,0.9,4.529
OULAD,mismatch,rank_edit,84.1 ± 5.3,0.0,4.529
