,,,,roc_auc,roc_auc,bal_acc,bal_acc,f1_macro,f1_macro,recall_fail,recall_fail
,,,,mean,std,mean,std,mean,std,mean,std
dataset,stage,sampler,model,,,,,,,,
AUC,1,nearmiss,ABC,0.737015503875969,0.05666859989584003,0.7250968992248061,0.03485990856617206,0.6713361793828538,0.0409834521768144,0.541860465116279,0.08449256802132532
AUC,1,nearmiss,CB,0.7389050387596898,0.05825163057171633,0.7218023255813953,0.03125028168252357,0.6634319830040891,0.03341593720528611,0.5186046511627908,0.05731980252961046
AUC,1,nearmiss,DT,0.7262839147286823,0.054994271811154086,0.7190891472868217,0.028923850513164782,0.6696320357180516,0.03182987217095096,0.5465116279069767,0.04503469007217922
AUC,1,nearmiss,GBC,0.7295300387596899,0.05546369764544203,0.7199612403100775,0.04008418591844602,0.6633845838858123,0.045383108679843256,0.5232558139534883,0.06976744186046507
AUC,1,nearmiss,KNN,0.7481831395348838,0.03141657108082454,0.679360465116279,0.02512242050357439,0.6806705988440009,0.02845691050902058,0.7837209302325581,0.056127992493707785
AUC,1,nearmiss,LR,0.8220203488372093,0.042877017355988256,0.6695736434108527,0.03772075369872377,0.5729481938878646,0.05162922265635531,0.3558139534883721,0.06810023471788987
AUC,1,nearmiss,MLP,0.8221656976744185,0.0431684755063799,0.711482558139535,0.03745965056260162,0.6387518124573454,0.04566039305748918,0.4604651162790697,0.06347601890212178
AUC,1,nearmiss,NB,0.7233527131782946,0.03577282963645605,0.7233527131782946,0.03577282963645605,0.6562250232592295,0.03844229776841615,0.4883720930232558,0.045779115546580304
AUC,1,nearmiss,RF,0.730813953488372,0.05717263403988973,0.7238856589147287,0.0449311058296751,0.6654020413380464,0.0454660323458408,0.5186046511627908,0.051740919677411595
AUC,1,nearmiss,Ridge,0.8220203488372093,0.042877017355988256,0.6826065891472869,0.03592564078851956,0.5927168338751925,0.05258738116060274,0.38604651162790693,0.07817551773940284
AUC,1,nearmiss,SVC,0.7400436046511627,0.07373849558219456,0.6515019379844962,0.042567678913686006,0.5588570422161799,0.049724841510465065,0.3488372093023256,0.05985831477318024
AUC,1,nearmiss,XGB,0.7281492248062016,0.05774946870859184,0.7213178294573643,0.023017772973267417,0.6609252106218679,0.017201522142765824,0.5093023255813953,0.023830118060371133
AUC,1,nearmiss,XT,0.7265261627906977,0.055231920640955855,0.7190891472868217,0.028923850513164782,0.6696320357180516,0.03182987217095096,0.5465116279069767,0.04503469007217922
AUC,1,none,ABC,0.8040213178294573,0.039210806666527334,0.7138081395348838,0.041180959284512715,0.7095951885359201,0.046690436316968086,0.7651162790697674,0.0811457968482228
AUC,1,none,CB,0.8109738372093023,0.03484222809533453,0.7204457364341085,0.0325663756482389,0.7232111649651918,0.03134976295700799,0.8325581395348838,0.06130895965797243
AUC,1,none,DT,0.7883236434108527,0.03091684663247565,0.6991279069767442,0.015446994735397127,0.7021786111791253,0.012785666064331491,0.8232558139534885,0.0595185297305568
AUC,1,none,GBC,0.7938711240310077,0.03165492605941444,0.7137112403100775,0.027489231595658133,0.7158777081042527,0.026457809430544578,0.8232558139534885,0.0595185297305568
AUC,1,none,KNN,0.7630813953488372,0.03807439077689056,0.68609496124031,0.04707173450928015,0.6744167601008926,0.043171793508070405,0.6930232558139535,0.036401106610461705
AUC,1,none,LR,0.8220203488372093,0.042877017355988256,0.7265019379844961,0.028091898323933544,0.7307742233757079,0.024420226128186145,0.8488372093023256,0.04427775061548784
AUC,1,none,MLP,0.8220203488372093,0.042877017355988256,0.7262596899224806,0.027784701641438706,0.7297808925017686,0.023436506006571097,0.844186046511628,0.05108344799183441
AUC,1,none,NB,0.7233527131782946,0.03577282963645605,0.7233527131782946,0.03577282963645605,0.6562250232592295,0.03844229776841615,0.4883720930232558,0.045779115546580304
AUC,1,none,RF,0.78890503875969,0.03058320620694747,0.700968992248062,0.022279316017894863,0.7032884335325635,0.019081473221686726,0.8186046511627907,0.05790650975808703
AUC,1,none,Ridge,0.8220203488372093,0.042877017355988256,0.596172480620155,0.02598498654164318,0.5822367694022947,0.034460246718455836,0.9465116279069768,0.03349967509508824
AUC,1,none,SVC,0.8090358527131782,0.05147070175689367,0.7250484496124031,0.034486545056463556,0.7263377888886706,0.032660430560170754,0.8209302325581396,0.05552249482006196
AUC,1,none,XGB,0.7923934108527132,0.0300074855953528,0.7132267441860465,0.026760133677671487,0.7140552676656267,0.02352188089379808,0.813953488372093,0.058139534883720846
AUC,1,none,XT,0.7883963178294573,0.030892802240442857,0.6991279069767442,0.015446994735397127,0.7021786111791253,0.012785666064331491,0.8232558139534885,0.0595185297305568
AUC,1,smote,ABC,0.8052567829457364,0.03876644578355789,0.7414728682170543,0.062255960973244324,0.7026533772243914,0.05702807258263368,0.6162790697674418,0.06928125167333131
AUC,1,smote,CB,0.8043846899224807,0.035348923204603484,0.73406007751938,0.06091597146247437,0.6963523327347583,0.05403617458706779,0.6139534883720931,0.06649292304881767
AUC,1,smote,DT,0.7789728682170542,0.03554019328128713,0.703827519379845,0.03145523689776592,0.6806505584037154,0.03004797155619976,0.6534883720930232,0.09021937088963174
AUC,1,smote,GBC,0.7887839147286821,0.034690501874952304,0.7200096899224806,0.0386351104746387,0.6921852108055194,0.04212216632840374,0.6441860465116279,0.09214703607515791
AUC,1,smote,KNN,0.7530281007751938,0.04292407349082758,0.6944767441860465,0.07590552238837264,0.6828308186972819,0.06907393751635808,0.713953488372093,0.08489168487648362
AUC,1,smote,LR,0.8220203488372093,0.042877017355988256,0.7512596899224806,0.06335965529096278,0.716990755512286,0.052842094303884916,0.6441860465116279,0.03546035042320208
AUC,1,smote,MLP,0.8219961240310077,0.042899850815232524,0.7512596899224806,0.06335965529096278,0.716990755512286,0.052842094303884916,0.6441860465116279,0.03546035042320208
AUC,1,smote,NB,0.7233527131782946,0.03577282963645605,0.7233527131782946,0.03577282963645605,0.6562250232592295,0.03844229776841615,0.4883720930232558,0.045779115546580304
AUC,1,smote,RF,0.782170542635659,0.028217298215959745,0.708672480620155,0.03190904493766941,0.6830770869443645,0.02613922754547788,0.6465116279069767,0.08081186211113517
AUC,1,smote,Ridge,0.8220203488372093,0.042877017355988256,0.734108527131783,0.04964300586858909,0.6769623187054539,0.052912001987118325,0.5348837209302325,0.07167923259266257
AUC,1,smote,SVC,0.8060804263565892,0.040956940811705006,0.7497577519379846,0.049409103813883554,0.7044435834684192,0.04920857782799747,0.5953488372093023,0.063369426015994
AUC,1,smote,XGB,0.7886385658914729,0.03268307035596343,0.7200096899224806,0.036901067703026424,0.6923461190059068,0.0360134490108169,0.6441860465116279,0.07607175457579596
AUC,1,smote,XT,0.7814680232558139,0.03427643153412297,0.703827519379845,0.03145523689776592,0.6806505584037154,0.03004797155619976,0.6534883720930232,0.09021937088963174
AUC,2,nearmiss,ABC,0.898546511627907,0.03536703483077767,0.8027616279069768,0.04394162163527178,0.789756994997462,0.0454933060395169,0.7930232558139535,0.07642640337281387
AUC,2,nearmiss,CB,0.8808624031007752,0.03025078433563746,0.8220445736434108,0.02541331117559767,0.8117193557554041,0.026469008256606367,0.8232558139534885,0.06442741942881432
AUC,2,nearmiss,DT,0.7718023255813954,0.045399138546740825,0.7574612403100776,0.051876844147619665,0.7573704867795652,0.055862387903189974,0.8232558139534885,0.07372496504254589
AUC,2,nearmiss,GBC,0.8771075581395349,0.025186023183404616,0.8036821705426357,0.02547212741819621,0.7901197281303178,0.026246860802188982,0.7906976744186046,0.0472327814223021
AUC,2,nearmiss,KNN,0.8046996124031007,0.022822576780691314,0.7859980620155038,0.030373212333358282,0.7864514435505782,0.033963157673945775,0.8511627906976743,0.07463630946921493
AUC,2,nearmiss,LR,0.9280523255813954,0.029557862319018437,0.8462693798449612,0.02211872060526712,0.8237810787934601,0.023236961189183045,0.7883720930232558,0.054166579994660985
AUC,2,nearmiss,MLP,0.9275678294573643,0.02987236378696556,0.8442344961240311,0.02689935395831646,0.8266836484387247,0.022331784199899705,0.8093023255813954,0.046945649391130995
AUC,2,nearmiss,NB,0.803076550387597,0.027735340213056146,0.7233527131782946,0.03577282963645605,0.6562250232592295,0.03844229776841615,0.4883720930232558,0.045779115546580304
AUC,2,nearmiss,RF,0.8361191860465116,0.033699374229046584,0.7956395348837209,0.04485895165780752,0.7887224283164491,0.04622601798358923,0.8162790697674419,0.05894786909598399
AUC,2,nearmiss,Ridge,0.9295542635658915,0.028386806315767194,0.8500484496124031,0.02313881157732316,0.8340123880964813,0.017067514651442267,0.8209302325581396,0.036401106610461705
AUC,2,nearmiss,SVC,0.8585755813953488,0.06553406714946247,0.7994186046511628,0.05702588328536696,0.7757931581696724,0.08901605155996124,0.7488372093023256,0.18760250488133184
AUC,2,nearmiss,XGB,0.8394622093023256,0.028237438331091526,0.7791182170542635,0.025499643639895694,0.767858118964979,0.03168583958791752,0.7790697674418604,0.05929092457666027
AUC,2,nearmiss,XT,0.805813953488372,0.057080616870572844,0.7604166666666666,0.04992279424389305,0.7559608720939954,0.05200757708426015,0.8,0.05837162975819129
AUC,2,none,ABC,0.9217296511627907,0.026668392584243045,0.8328003875968992,0.040094213213844036,0.8298025489725778,0.03139275862498223,0.8697674418604651,0.028953254879043613
AUC,2,none,CB,0.9186046511627908,0.020538828754961956,0.8329941860465115,0.026678430532074176,0.8268799989078277,0.019898176428683467,0.8534883720930233,0.04397132651439312
AUC,2,none,DT,0.8108527131782945,0.036862980009873966,0.7760658914728682,0.03699564942987454,0.779390232113673,0.03854871377667098,0.8604651162790697,0.05636837043507354
AUC,2,none,GBC,0.9127906976744186,0.024123607663483263,0.8249031007751938,0.030403531191734053,0.8211842598408639,0.027273740310423168,0.8581395348837211,0.04224628401066268
AUC,2,none,KNN,0.8886143410852713,0.01993761890729301,0.8068313953488373,0.020318966863824468,0.804874732013985,0.023608099999970763,0.8511627906976745,0.04458206863414144
AUC,2,none,LR,0.9284399224806201,0.029402393861240245,0.8557170542635658,0.05022912944607098,0.8492520936915284,0.04526748327570049,0.8697674418604651,0.04143844111908237
AUC,2,none,MLP,0.9291182170542637,0.02923626515583258,0.8545542635658915,0.03968752299307987,0.8475899700054951,0.03042730419441217,0.8674418604651162,0.028003708322772724
AUC,2,none,NB,0.8101501937984497,0.025182382252457745,0.8012596899224806,0.0278272279518252,0.7554344181784673,0.02925590657343397,0.6441860465116279,0.03908775886970142
AUC,2,none,RF,0.8862160852713178,0.020195339176854156,0.8093992248062015,0.02119455969205856,0.8085792372684948,0.021526480841100384,0.8604651162790699,0.0493330312455731
AUC,2,none,Ridge,0.9277131782945736,0.028959208161079254,0.8525193798449612,0.06322544475780162,0.8503367151032688,0.05800022850198772,0.8883720930232558,0.04694564939113107
AUC,2,none,SVC,0.9200581395348838,0.03492144664790768,0.8561531007751938,0.0361418358812656,0.8470919283168976,0.029240170494485587,0.8581395348837209,0.03226613238491069
AUC,2,none,XGB,0.8989583333333334,0.019258225762733908,0.8126453488372093,0.01052817992635698,0.8119122982254078,0.011516909864583905,0.8627906976744185,0.03977356134066757
AUC,2,none,XT,0.8484253875968992,0.02995666901776555,0.7906492248062016,0.043474720286715736,0.7925323175069818,0.044914908065099526,0.8604651162790697,0.05264758801242682
AUC,2,smote,ABC,0.9223352713178293,0.025806724817997104,0.8429263565891473,0.03005467742170557,0.8335137605918705,0.028626708225612602,0.8441860465116278,0.04160126469767048
AUC,2,smote,CB,0.9155523255813953,0.01914897764097546,0.8296996124031008,0.021728854457234437,0.8194612401260264,0.020790579812143772,0.8302325581395349,0.057906509758087095
AUC,2,smote,DT,0.8167151162790697,0.025405372100371762,0.7811531007751938,0.029458101435341517,0.7836823275389347,0.031749497606893995,0.8581395348837209,0.05095093558187591
AUC,2,smote,GBC,0.9092538759689923,0.01668665423089093,0.8243701550387597,0.013801763113608652,0.8145456355033123,0.011416940058521034,0.8279069767441861,0.05161009539807465
AUC,2,smote,KNN,0.8842538759689923,0.0208925085204279,0.8016957364341085,0.0363669129240807,0.7961767542693747,0.03134422722375477,0.8325581395348838,0.0561279924937078
AUC,2,smote,LR,0.9285368217054263,0.02991947452999839,0.8455910852713178,0.026286761268358806,0.824797692953337,0.025273927156483928,0.7953488372093023,0.050417403229485555
AUC,2,smote,MLP,0.9287790697674417,0.02906055550908237,0.84375,0.028412300215883205,0.8244453180659151,0.027142291192268603,0.8,0.04607351803757891
AUC,2,smote,NB,0.8101501937984497,0.025182382252457745,0.8012596899224806,0.0278272279518252,0.7554344181784673,0.02925590657343397,0.6441860465116279,0.03908775886970142
AUC,2,smote,RF,0.8876937984496124,0.018998797518079532,0.8093507751937985,0.03185677150334838,0.8047937171103877,0.03462209291942736,0.8395348837209301,0.055400601160798084
AUC,2,smote,Ridge,0.9282461240310077,0.029647268555708234,0.7876937984496124,0.028924864954420332,0.7293917630289105,0.0374292462035005,0.5837209302325581,0.060643743304210636
AUC,2,smote,SVC,0.9232073643410853,0.03129327891414953,0.8435077519379846,0.021298551008074845,0.8231192820573187,0.017170761885578766,0.7953488372093023,0.03908775886970138
AUC,2,smote,XGB,0.8929505813953489,0.018426265669464748,0.8037790697674418,0.014229882933819134,0.7987430652660557,0.020351983227350764,0.8325581395348836,0.046945649391130995
AUC,2,smote,XT,0.8504844961240311,0.0292000120445521,0.791327519379845,0.02326691434046435,0.7918928048352459,0.026929065383738574,0.8534883720930232,0.05108344799183438
AUC,3,nearmiss,ABC,0.929093992248062,0.024892771277552482,0.852422480620155,0.033384296746069304,0.8417811026624277,0.029586924896725125,0.8465116279069769,0.019106600843203425
AUC,3,nearmiss,CB,0.9119912790697675,0.038039657112879266,0.8421996124031008,0.03724346317773344,0.8295768683459117,0.03062093668409736,0.8302325581395349,0.033499675095088215
AUC,3,nearmiss,DT,0.7523013565891473,0.06142302200328313,0.7494670542635659,0.060048061435699754,0.7415032453447006,0.061860053414634755,0.7697674418604652,0.06750197801720927
AUC,3,nearmiss,GBC,0.9015019379844962,0.03631806666320323,0.8282945736434109,0.05368716612988501,0.8169142633545711,0.050164395171321284,0.8232558139534885,0.03977356134066757
AUC,3,nearmiss,KNN,0.9005571705426357,0.04334294445607096,0.8484496124031008,0.04107322856723839,0.8351507771507911,0.041810495429102645,0.8302325581395349,0.04766023612074229
AUC,3,nearmiss,LR,0.9461967054263566,0.021918497020791305,0.877858527131783,0.026262081007590147,0.8597082871564231,0.027533648526630736,0.8348837209302327,0.042246284010662646
AUC,3,nearmiss,MLP,0.9471656976744187,0.020947875024768064,0.8813953488372093,0.029758870470371956,0.868885382882918,0.025736935472934926,0.8627906976744185,0.030098090943127376
AUC,3,nearmiss,NB,0.8280765503875969,0.03256069890042038,0.7873062015503877,0.032362110730603605,0.7380004600236846,0.034256111692852156,0.6162790697674418,0.04350764403225512
AUC,3,nearmiss,RF,0.8776162790697676,0.045630784055074675,0.8,0.0414179014774615,0.7888887877748558,0.03908090735736418,0.8,0.04533392718515798
AUC,3,nearmiss,Ridge,0.9473110465116278,0.020078842815021276,0.879312015503876,0.03287324945820096,0.8671228825499309,0.027866283152492826,0.8627906976744185,0.030098090943127376
AUC,3,nearmiss,SVC,0.869500968992248,0.06038379785432268,0.7312015503875969,0.11300821462285941,0.6802021212070948,0.16050734568582958,0.5790697674418605,0.2924828904593663
AUC,3,nearmiss,XGB,0.8460998062015503,0.05668847929252579,0.7733042635658915,0.057103885559731137,0.7604800788669318,0.05683409736069861,0.7674418604651162,0.06879162538487926
AUC,3,nearmiss,XT,0.8467054263565892,0.0633555451163757,0.8011627906976745,0.026533296534646623,0.790502284518483,0.029655517874737157,0.8023255813953488,0.05576548282921765
AUC,3,none,ABC,0.93609496124031,0.019699996087883493,0.8557655038759691,0.034357232257399915,0.8539077437783366,0.028305707861072674,0.8906976744186046,0.03141687461885191
AUC,3,none,CB,0.9366521317829457,0.024158399776026063,0.8557170542635658,0.04656887425067763,0.8493010788352262,0.04180805960205057,0.8697674418604651,0.043817310887015765
AUC,3,none,DT,0.7857073643410853,0.04495826431944581,0.7751453488372093,0.039701863348249995,0.7789251864944694,0.03976359406255693,0.8627906976744185,0.03226613238491064
AUC,3,none,GBC,0.9324854651162792,0.021966670371299773,0.8492732558139535,0.050602715182261504,0.8474208267663835,0.0454797402384042,0.8860465116279069,0.030098090943127404
AUC,3,none,KNN,0.9156976744186046,0.03221728462718461,0.8489825581395349,0.04147736767412961,0.841769348901838,0.03781158033874457,0.8604651162790699,0.032888687497048694
AUC,3,none,LR,0.947359496124031,0.02107168279008652,0.8770833333333332,0.03487808484292905,0.8739549394994459,0.031104558927298687,0.9,0.03546035042320215
AUC,3,none,MLP,0.948328488372093,0.01979027302409709,0.8756782945736434,0.028872473254923217,0.871254997000969,0.024710014208443546,0.8930232558139535,0.027761247410030943
AUC,3,none,NB,0.8332606589147288,0.028892283611121665,0.8233527131782946,0.03486159195287802,0.7829861546639008,0.03603922386120063,0.6883720930232557,0.041438441119082445
AUC,3,none,RF,0.9183624031007753,0.024749199483445145,0.8267926356589147,0.04562567166298634,0.8258705190168498,0.04078708744853978,0.8744186046511627,0.027761247410030977
AUC,3,none,Ridge,0.938250968992248,0.024253314136675988,0.8642441860465115,0.03746850078223492,0.8527730646235447,0.035150577683885215,0.8534883720930233,0.04694564939113102
AUC,3,none,SVC,0.9451308139534884,0.02261194590172622,0.8763565891472869,0.026928571775828452,0.8701647850208734,0.021321321488000686,0.8860465116279069,0.01910660084320342
AUC,3,none,XGB,0.9202519379844961,0.025344838087675646,0.8274709302325581,0.044152791294580856,0.8252681732441636,0.04163942723861842,0.8674418604651162,0.04473345130621237
AUC,3,none,XT,0.8882751937984497,0.03672361971018049,0.8316375968992249,0.029147888408922466,0.8286884772386471,0.02348230110796463,0.8674418604651162,0.03141687461885189
AUC,3,smote,ABC,0.93890503875969,0.019878848514586468,0.8756298449612403,0.030348084622179403,0.8661981870877892,0.022497469584438552,0.872093023255814,0.02175382201612751
AUC,3,smote,CB,0.930983527131783,0.02428958151798401,0.864486434108527,0.01699935968201689,0.8542388520191679,0.016649894431776616,0.8581395348837209,0.042246284010662744
AUC,3,smote,DT,0.8007994186046512,0.023307738382982016,0.7940891472868217,0.021703182201608648,0.7929146333168215,0.021068799651080154,0.8465116279069769,0.02236672565310624
AUC,3,smote,GBC,0.9322189922480619,0.02404527100195364,0.8524709302325582,0.03634124654574702,0.8462715319640747,0.03293570671347052,0.8674418604651162,0.03731815473460746
AUC,3,smote,KNN,0.9037063953488371,0.03141330202388914,0.850968992248062,0.03165691890713038,0.8342777745680305,0.030223697632590404,0.8186046511627907,0.04694564939113096
AUC,3,smote,LR,0.9471172480620155,0.02088882156685334,0.8746124031007753,0.029822891202952565,0.856512452883379,0.029267281336975048,0.8325581395348838,0.041601264697670504
AUC,3,smote,MLP,0.9474563953488373,0.01982486268939099,0.8785852713178295,0.03374403334028922,0.8634534563623937,0.032644328452904756,0.8488372093023255,0.04272365830435774
AUC,3,smote,NB,0.8332606589147288,0.028892283611121665,0.8233527131782946,0.03486159195287802,0.7829861546639008,0.03603922386120063,0.6883720930232557,0.041438441119082445
AUC,3,smote,RF,0.9209302325581395,0.021206808223626025,0.8302325581395349,0.027429391950987765,0.8259810238401849,0.02046670657750329,0.8604651162790697,0.03583961629633131
AUC,3,smote,Ridge,0.9391230620155039,0.02456782341883819,0.7860465116279071,0.0198867806703338,0.7252103866146783,0.025516873810343725,0.572093023255814,0.03977356134066756
AUC,3,smote,SVC,0.946438953488372,0.021514846728243223,0.876453488372093,0.0265767212246172,0.8569620834982248,0.02861006814576149,0.8279069767441861,0.04607351803757893
AUC,3,smote,XGB,0.9218507751937984,0.022328484976435827,0.8228197674418605,0.04247659336375784,0.8194388633580296,0.03976588521244538,0.8581395348837209,0.04607351803757892
AUC,3,smote,XT,0.8857800387596899,0.036379073913311556,0.828827519379845,0.035900803176388864,0.82344752630958,0.032055699048858854,0.8534883720930232,0.04078064631802367
AUC,full,nearmiss,ABC,0.9962936046511628,0.0031557401297445794,0.966327519379845,0.023242562237025165,0.9600196158632655,0.024631333854577338,0.9534883720930234,0.02325581395348838
AUC,full,nearmiss,CB,0.9976744186046511,0.0019197299182324278,0.9739825581395349,0.01421812465854624,0.9679614264049468,0.01501113869177499,0.9604651162790697,0.01560047426162647
AUC,full,nearmiss,DT,0.958672480620155,0.018389005550428914,0.958672480620155,0.018389005550428914,0.9519831165792947,0.018004675158519667,0.9465116279069766,0.019457209919397107
AUC,full,nearmiss,GBC,0.9962693798449612,0.0037863612325464116,0.9542635658914728,0.025335140381607495,0.947308963523065,0.026783711375685342,0.9418604651162792,0.03184433473867245
AUC,full,nearmiss,KNN,0.9883236434108527,0.009293694644455121,0.958672480620155,0.019968647492991518,0.9519124393514392,0.017274111000135876,0.9465116279069768,0.0063688669477343475
AUC,full,nearmiss,LR,0.9996124031007751,0.0003250098804505519,0.9813953488372092,0.013257853780222572,0.9745217849292704,0.017991352028478944,0.9627906976744185,0.026515707560445072
AUC,full,nearmiss,MLP,0.9998546511627907,0.00021667325363371024,0.9932655038759689,0.006167580472542172,0.9919347599094397,0.008043368034842614,0.9906976744186047,0.01273773389546901
AUC,full,nearmiss,NB,0.896124031007752,0.021683671257285056,0.8707848837209303,0.03266290907618535,0.8410216510161428,0.037844161813126866,0.7790697674418604,0.05755520311983526
AUC,full,nearmiss,RF,0.9965600775193799,0.0038850426737848313,0.9728197674418604,0.021629645622789177,0.9664200791160275,0.02290745084897076,0.9581395348837208,0.024112141108520595
AUC,full,nearmiss,Ridge,0.9997577519379846,0.0002966920715579612,0.9897771317829458,0.004441801699490949,0.9870878558260824,0.0044127801703189255,0.9837209302325581,0.006368866947734505
AUC,full,nearmiss,SVC,0.991908914728682,0.005437376338329382,0.9488856589147285,0.071561242006344,0.9387865312774206,0.09172196687026603,0.9186046511627908,0.14312248401268804
AUC,full,nearmiss,XGB,0.9939922480620155,0.0052445446616471375,0.9496124031007751,0.024604581251152374,0.9413443720043277,0.03130400010036925,0.9325581395348838,0.04607351803757899
AUC,full,nearmiss,XT,0.9980135658914728,0.002811538981095813,0.9739825581395347,0.02165892764741889,0.9679879951980792,0.022750127890724097,0.9604651162790697,0.022666963592578984
AUC,full,none,ABC,0.99859496124031,0.0016105397421118147,0.9812015503875969,0.0172171749508875,0.9789925006151965,0.016823683590722727,0.9790697674418606,0.015160935826052609
AUC,full,none,CB,0.9987403100775193,0.0014874109915705548,0.9856104651162791,0.01663910929363264,0.9837963717086377,0.015263872565919729,0.9837209302325581,0.010400316174417643
AUC,full,none,DT,0.973546511627907,0.01800018841417323,0.973546511627907,0.01800018841417323,0.9710200311602604,0.020125248469610668,0.9720930232558139,0.02411214110852054
AUC,full,none,GBC,0.9983042635658915,0.00211186964318832,0.9761143410852713,0.022954585784394757,0.975656970890461,0.02231572502157681,0.9813953488372092,0.017634594055933775
AUC,full,none,KNN,0.990891472868217,0.006952456074314026,0.9589147286821704,0.021464326618099085,0.9534075086002254,0.019361012556968267,0.9511627906976745,0.009728604959698565
AUC,full,none,LR,0.9996124031007751,0.0003250098804505519,0.9856104651162791,0.008392767928245438,0.9838556258069773,0.009821362825925316,0.9837209302325581,0.013257853780222486
AUC,full,none,MLP,0.9999031007751938,0.00013268472807785405,0.99234496124031,0.0048225012351446415,0.9919056574064884,0.0056876867642248405,0.9930232558139535,0.010400316174417643
AUC,full,none,NB,0.9133720930232558,0.022865413322985285,0.8919573643410853,0.029457304575877818,0.8686089894296396,0.029586860368212675,0.8255813953488372,0.02848243886957185
AUC,full,none,RF,0.9984253875968992,0.0023108992282387876,0.9844476744186046,0.0166009753031792,0.9822082076641065,0.015656686231424275,0.9813953488372092,0.013257853780222475
AUC,full,none,Ridge,0.985562015503876,0.005568017822493595,0.9051356589147288,0.02682759207341478,0.8772365170616437,0.0341819822255043,0.8186046511627907,0.05491032071217487
AUC,full,none,SVC,0.9991763565891473,0.0008321494204127018,0.9853682170542635,0.010747462974301942,0.9822836828708695,0.011944424405111408,0.9790697674418605,0.012737733895468928
AUC,full,none,XGB,0.9981104651162791,0.0024549662907283115,0.9719476744186046,0.01764706883434773,0.9723446535300644,0.01586182584217562,0.9813953488372092,0.015600474261626366
AUC,full,none,XT,0.9990794573643411,0.0011668211801155411,0.9867732558139535,0.017077715222479847,0.9853979354667146,0.015693312941863213,0.9860465116279069,0.009728604959698572
AUC,full,smote,ABC,0.9984253875968992,0.0014177204349224886,0.9791182170542635,0.01665127258013487,0.9773353243344471,0.01563095005199097,0.9790697674418605,0.009728604959698463
AUC,full,smote,CB,0.9988856589147286,0.0011439650148369973,0.9856104651162789,0.017625606748432956,0.9838239308207954,0.017245844167409558,0.9837209302325581,0.015600474261626373
AUC,full,smote,DT,0.9714631782945735,0.011390039154128274,0.9714631782945735,0.011390039154128274,0.9693414354389329,0.013171615709542605,0.9720930232558139,0.015600474261626402
AUC,full,smote,GBC,0.9984011627906977,0.0018733154001143565,0.9802810077519378,0.019016550017124916,0.9789791009016506,0.019505447821707038,0.9813953488372092,0.01763459405593376
AUC,full,smote,KNN,0.990891472868217,0.00450232866163179,0.951937984496124,0.016662018235844255,0.9440425501248132,0.013015402572520707,0.9372093023255814,0.0063688669477346095
AUC,full,smote,LR,0.9996124031007751,0.0003250098804505519,0.9825581395348838,0.012333257811393336,0.9760853395738709,0.01674015625629077,0.9651162790697674,0.024666515622786586
AUC,full,smote,MLP,0.9999031007751938,0.00021667325363370404,0.9941860465116278,0.0058139534883720825,0.991949703013779,0.008043232865908833,0.9883720930232558,0.011627906976744207
AUC,full,smote,NB,0.9133720930232558,0.022865413322985285,0.888468992248062,0.026385362664058415,0.8641850319274887,0.02671844686333681,0.8186046511627907,0.029185814879095672
AUC,full,smote,RF,0.998982558139535,0.0016286566195708359,0.9856104651162789,0.017625606748432956,0.9838239308207954,0.017245844167409558,0.9837209302325581,0.015600474261626373
AUC,full,smote,Ridge,0.9859496124031008,0.005337709432299056,0.855813953488372,0.025141567802836842,0.8131213376245038,0.031434854691173963,0.7116279069767442,0.05028313560567361
AUC,full,smote,SVC,0.9990794573643411,0.0015263550389557927,0.9758236434108527,0.010105548565128726,0.9680904140403209,0.012462535952248487,0.9558139534883721,0.017246973225803926
AUC,full,smote,XGB,0.9981104651162791,0.0018401287805069962,0.9781976744186046,0.016044248438404535,0.9773156395026014,0.015599441427225025,0.9813953488372092,0.015600474261626363
AUC,full,smote,XT,0.9993459302325581,0.0009521920546042816,0.9823643410852713,0.020559997051490263,0.980516884670229,0.0179909726337837,0.9813953488372092,0.010400316174417643
HarvardX,full,nearmiss,ABC,0.9223781481609447,0.005657599200443453,0.830451769386667,0.01698090284567536,0.8095124399007814,0.00900348810090832,0.9425122449990149,0.011936884678119057
HarvardX,full,nearmiss,CB,0.9427017188804901,0.006055097983318432,0.8316469151438192,0.007925092850697788,0.8264758930791212,0.007002408455999463,0.9565756882642917,0.004764064818098844
HarvardX,full,nearmiss,DT,0.6692380637222923,0.05367399100795407,0.7043872854644746,0.04948934634999133,0.634230037618013,0.07193622048277255,0.8027069639250582,0.09904567676511691
HarvardX,full,nearmiss,GBC,0.93545263245148,0.009267708821015618,0.8167924731290028,0.004533669456702049,0.8036556681404902,0.013190376475831203,0.9455924851685115,0.009636278617810808
HarvardX,full,nearmiss,KNN,0.8585107920148289,0.014815240934159576,0.8017372300906823,0.007463095988057349,0.7929670885693179,0.006449355561907007,0.9458990710763061,0.00257397246179979
HarvardX,full,nearmiss,LR,0.9417932606886689,0.004398309869830943,0.8292359411302528,0.018965090864584852,0.8190193437245055,0.01739762655615381,0.9517507003538906,0.004643426345136294
HarvardX,full,nearmiss,MLP,0.9544287344890066,0.005207969896545228,0.8301405203829446,0.006113193682923895,0.8255648563930013,0.0077790476905347785,0.9566787790927375,0.004921183534773481
HarvardX,full,nearmiss,NB,0.8826680843508873,0.009398928687901672,0.8274037831923586,0.04785470478601248,0.718401526490017,0.02232368948943882,0.8396476685247951,0.011995119567196238
HarvardX,full,nearmiss,RF,0.8325974500835462,0.026779656110851265,0.7845296009249068,0.011121992178132862,0.765926647258027,0.016527828760156533,0.931015062744755,0.010623944543518086
HarvardX,full,nearmiss,Ridge,0.9399019731686762,0.004533487565490997,0.8281153218155248,0.018602331919902338,0.8183039050597172,0.015614180737208093,0.9518532117244352,0.0039127319843700065
HarvardX,full,nearmiss,SVC,0.914965366906521,0.005281241147550273,0.827703652468939,0.011610733185646815,0.8216941419331156,0.010413478586297091,0.9549330831479945,0.0036317606730586482
HarvardX,full,nearmiss,XGB,0.8811081654691607,0.017856119334890036,0.7964732668168845,0.005506060337270127,0.771859445216992,0.014105418031428089,0.9283459742952476,0.012513588782393234
HarvardX,full,nearmiss,XT,0.8246619395214108,0.02438219361834069,0.7806146121256389,0.009176119120935475,0.7551846669489346,0.014616464231878467,0.9223916756131455,0.010969273917394436
HarvardX,full,none,ABC,0.949034647235092,0.002557016199648267,0.8117699280214259,0.01263708377537238,0.8042404497851676,0.00782985539287696,0.9495946955370153,0.008287035129684654
HarvardX,full,none,CB,0.957844077456295,0.0028381677109356727,0.8103404855872356,0.00773554497985908,0.8179469801721371,0.005234326003577243,0.9623243320694126,0.0028696792559489213
HarvardX,full,none,DT,0.7589283061619492,0.009471213439145275,0.7626948362931069,0.010906189821289467,0.7644543380575671,0.009767984855625142,0.9466171774500272,0.0020917327914375026
HarvardX,full,none,GBC,0.9572080304753137,0.0019460094133324317,0.8063251335924614,0.006165135112377971,0.8165916843811429,0.00368909861669766,0.963659508430059,0.004276237222367041
HarvardX,full,none,KNN,0.9182333120072224,0.003454728686434885,0.8025480435410017,0.005750490358957441,0.8057618932970234,0.0052645810141259105,0.956883538443871,0.003117764696850618
HarvardX,full,none,LR,0.945281338343694,0.00411872863827184,0.7398686266992577,0.009655201775999479,0.7741215140156189,0.012580320242427868,0.9735146123479318,0.005058903004582146
HarvardX,full,none,MLP,0.9598601029536926,0.0026673881930032554,0.8184161112588774,0.004233038312601216,0.8255829851440788,0.0039038847923095013,0.9636591923621127,0.0031866464876320806
HarvardX,full,none,NB,0.880928410158994,0.010057487063401586,0.7934916367976266,0.017719929080937415,0.710432290489941,0.015999615407928432,0.8545325197042025,0.009775366680687505
HarvardX,full,none,RF,0.9372852996196958,0.006075501702051823,0.7891576719761361,0.006564551050696473,0.7945113107578072,0.00522227775437233,0.9558566863647234,0.00036313248438764404
HarvardX,full,none,Ridge,0.9490877063616997,0.004272230170505599,0.6844066904347004,0.004679933245780188,0.7275963165592959,0.00641945612672601,0.9795715277565602,0.004549349326635479
HarvardX,full,none,SVC,0.9106305441732797,0.00800014183673482,0.7937722767339022,0.014919207946295258,0.8104943950205176,0.011943872078851779,0.9666362363471818,0.0024007399978364487
HarvardX,full,none,XGB,0.9528126233680405,0.004073756492536342,0.7996298496136798,0.008597477592326675,0.8040573412216275,0.008254637878328924,0.9572941107059588,0.0032715789722080417
HarvardX,full,none,XT,0.9164053782754094,0.0035138337525917962,0.784943894633407,0.0015110046305370198,0.7880587735647053,0.000613155522687853,0.9528796423796544,0.0008391026204577243
HarvardX,full,smote,ABC,0.9484599728940036,0.002963313805599708,0.882516471130879,0.004697252280992844,0.7600969363855008,0.0097657078852551,0.8547368576314078,0.012213988587173746
HarvardX,full,smote,CB,0.9562158357346359,0.002720941937951165,0.8912642618637194,0.006818122020434859,0.8252916967076412,0.006294761582722694,0.9213630324823028,0.0036981865768438396
HarvardX,full,smote,DT,0.7908969984325974,0.013787767036318855,0.7944567384485242,0.0147197499121611,0.7722432592978777,0.010990673493556903,0.9306024360410172,0.007256360918015065
HarvardX,full,smote,GBC,0.9584429754447232,0.0012885098844410356,0.9026467855335423,0.0069237236087746415,0.8077624305519814,0.007370921565422371,0.8973412364367344,0.004659836885634058
HarvardX,full,smote,KNN,0.920389435502907,0.007089674726111106,0.8800453271136652,0.0074843142342562365,0.800889335681858,0.007978253126711242,0.9036035433323887,0.0054204940390059205
HarvardX,full,smote,LR,0.9494763571268388,0.003945400905886311,0.889663540845785,0.0018279776631370532,0.8017012439973227,0.0029877858619035574,0.8986759386954611,0.0031252577576349
HarvardX,full,smote,MLP,0.959980320874107,0.00201989367914533,0.9062594359147177,0.006059077404337544,0.7990442891395922,0.00688923364636481,0.8858438961485013,0.005879319577478558
HarvardX,full,smote,NB,0.880928410158994,0.010057487063401586,0.8490570117629769,0.006460703479236832,0.6880717323237645,0.009183442569691221,0.7745610079617515,0.011263922718850381
HarvardX,full,smote,RF,0.9420808484581894,0.005188123035287235,0.8363679079309374,0.005891872125180732,0.8035115408525686,0.005694122001289053,0.9332720512704352,0.003712164053480947
HarvardX,full,smote,Ridge,0.9488255737845253,0.003667579818135462,0.8791387854072401,0.007522134282832241,0.8092492249576827,0.005974287030290848,0.9127401194526126,0.004558927092118592
HarvardX,full,smote,SVC,0.9484284575816764,0.0043205031223952405,0.9065218016579781,0.007329096546788706,0.7912922771586695,0.007926488666145644,0.8770149068179016,0.006693771790677926
HarvardX,full,smote,XGB,0.9525168913526741,0.0027214280721328745,0.8870017405058688,0.010711784399441777,0.8155166574149891,0.004963772054822801,0.9143822504669904,0.0059623631020380135
HarvardX,full,smote,XT,0.9238188672302027,0.0067159668300748356,0.8238660946124785,0.01347082169162267,0.7942667802783927,0.010615631868664939,0.9324506960342955,0.003086383834542954
OULAD,1,nearmiss,ABC,0.5280565832622932,0.008537305417104403,0.5087739374686391,0.006393516700004877,0.25345530889926593,0.02296039863344593,0.9812326841590613,0.01107906354779876
OULAD,1,nearmiss,CB,0.5095942315923079,0.006525329571367759,0.5157259998220244,0.005657447180029577,0.27372810027352823,0.009136055186586714,0.9747141188613646,0.006992317771729886
OULAD,1,nearmiss,DT,0.5153184278215697,0.004759708023355635,0.5133984126585593,0.004277194266499137,0.26617725620497523,0.006023493725447762,0.9781039493698392,0.005992527496551392
OULAD,1,nearmiss,GBC,0.5106456085147856,0.00693802936535619,0.514380403916934,0.0032985375106769042,0.26686887012834837,0.006503763990333506,0.9796681470013038,0.00740133400193554
OULAD,1,nearmiss,KNN,0.5143237188721299,0.006481113377054668,0.517431023676289,0.006558533802395451,0.27864254926071863,0.01190054905778665,0.9728898440895263,0.004150009267241645
OULAD,1,nearmiss,LR,0.580185631446221,0.005538940977366423,0.5164843971433849,0.002467194338511966,0.2716519142956396,0.001964897822587924,0.9791462950890917,0.007762485911141372
OULAD,1,nearmiss,MLP,0.5229713467532268,0.00782628890332741,0.5175634314858005,0.0012544638767281583,0.2703961377500212,0.0030941764665864823,0.9833156779661015,0.005328988202265874
OULAD,1,nearmiss,NB,0.5322508809766917,0.0029584836066734233,0.5156744810417121,0.002890737699497581,0.27259509654813524,0.0029031170083025394,0.9760175602998696,0.004837115702046326
OULAD,1,nearmiss,RF,0.5134346619061619,0.0054598473266854455,0.5143942503733399,0.0052929303525316405,0.2734094978881555,0.006499326020310216,0.9718464797913949,0.006151676759531471
OULAD,1,nearmiss,Ridge,0.5802166576226224,0.005511545372711112,0.5156314186260879,0.002505857053816775,0.27098004954354626,0.0027362894632492847,0.9778428536505868,0.008494156703445523
OULAD,1,nearmiss,SVC,0.466897769990062,0.01917445302418839,0.5163056744248488,0.0031178302452865136,0.27259214935983306,0.0023490763824461653,0.9775817579313342,0.006068351448144483
OULAD,1,nearmiss,XGB,0.5110157777027219,0.005906546068608736,0.516591161303251,0.007006785182505655,0.2750709340275727,0.009869607395715069,0.9752356312472837,0.006381497791792072
OULAD,1,nearmiss,XT,0.5150367151137832,0.00469494047267436,0.5135012698858525,0.00436885549012391,0.26748356472938406,0.0058731164046197494,0.9768005079313342,0.005626281635426999
OULAD,1,none,ABC,0.6461687351014327,0.01889358514114567,0.5022451148820483,0.001796632312566147,0.42404861918221765,0.004030252737444377,0.004691234789222039,0.0038642365065714424
OULAD,1,none,CB,0.6604438932226749,0.017939021499647396,0.5581352370225696,0.007032590738334438,0.5437451698688721,0.009800962543369707,0.15510545686657973,0.01034699347577598
OULAD,1,none,DT,0.6539275959543408,0.016301535825016422,0.5602177021179211,0.00548480633561848,0.5489038893703702,0.007685508282130536,0.16761937744458927,0.010262828967959542
OULAD,1,none,GBC,0.6616566433593503,0.01725625323968335,0.5593457242956703,0.005077651986138335,0.544583414404886,0.007905901212336043,0.15380303400695344,0.010572797761470238
OULAD,1,none,KNN,0.5841026051351925,0.014310617637529886,0.552590608445902,0.012200703099794987,0.5507760302003641,0.01647230708849257,0.24269780801825291,0.04914053550756129
OULAD,1,none,LR,0.6210323356674399,0.011460200132491901,0.5160640709135966,0.0017733152353730506,0.4555422420783951,0.003199930305195187,0.0367557583659278,0.0032256870528220454
OULAD,1,none,MLP,0.6624552766180154,0.01869228704379436,0.5413403092139445,0.009302118314855347,0.5115462883811159,0.016139982956511454,0.1066258556062581,0.020125438253829744
OULAD,1,none,NB,0.5495812710494186,0.00891858428187366,0.5,0.0,0.41912632596928623,1.7111082300128456e-05,0.0,0.0
OULAD,1,none,RF,0.6555501180785558,0.01774549349318507,0.5581955894499782,0.007903544915704585,0.545308785484699,0.01148096266470145,0.16136156833985218,0.01475226983606779
OULAD,1,none,Ridge,0.618635011807521,0.011127232869088692,0.5076970256504957,0.0016468820250903136,0.43668005130993437,0.0035595359965395756,0.01720481584093868,0.0034941568644578356
OULAD,1,none,SVC,0.6056173281328411,0.0060189818581405504,0.5145415312895658,0.0014201235216172268,0.45212097144848923,0.002716632980683505,0.03310720882225114,0.0027004551929491324
OULAD,1,none,XGB,0.656305950394865,0.01809304354143765,0.5587674794404742,0.006438330798654716,0.5461814126665216,0.009187004989592346,0.16240459311169053,0.011602945548512112
OULAD,1,none,XT,0.6542107611821188,0.01687907501105526,0.5600281399136913,0.005095450746782087,0.548538219436605,0.006998355448035253,0.16683778791829634,0.009200476443819995
OULAD,1,smote,ABC,0.6437087767969806,0.021741212422574076,0.5975076956297116,0.016212363016994205,0.561432423172991,0.032992007517103496,0.6157360250977836,0.06273824070304797
OULAD,1,smote,CB,0.6588474547327552,0.01755708764929241,0.6109203007084595,0.013716662211307467,0.5956047718746683,0.012747106554931196,0.5362247392438071,0.03440705899713166
OULAD,1,smote,DT,0.6485183834350952,0.015251044037211121,0.601843897727903,0.012449657802190654,0.5853766096037691,0.010093612548633286,0.5320523006301607,0.04901081883498239
OULAD,1,smote,GBC,0.6611695302752512,0.018170897442574545,0.6100757843894244,0.013928553083446418,0.5971972364940168,0.008808168454222736,0.5195373614732726,0.05490903380871615
OULAD,1,smote,KNN,0.5968354410883958,0.01616898575445865,0.5612680055803506,0.013882782076637257,0.5618838250144537,0.01614942648459959,0.2544219904389396,0.027255478355601263
OULAD,1,smote,LR,0.6224387837565534,0.011734770159347027,0.5807737171254946,0.004300884121173646,0.5668315804129227,0.003308959676669013,0.5007829476314646,0.021435071686131926
OULAD,1,smote,MLP,0.6638764341130639,0.015344912547500705,0.6149431151005754,0.009087711695091127,0.5986519290612593,0.006788911058708884,0.5432536125597567,0.05239078236756636
OULAD,1,smote,NB,0.551787334982048,0.00962436837229792,0.531625838714836,0.005836051306808016,0.39739167295607214,0.006549599117203636,0.82925086918731,0.011666003265663655
OULAD,1,smote,RF,0.6499251124094939,0.016447628750568877,0.6014044787811659,0.0127323003680283,0.5863297604713881,0.009957119140055063,0.5242350472620599,0.04751699885784443
OULAD,1,smote,Ridge,0.6194850754555838,0.011283405136882812,0.5782836660307376,0.00424762623871546,0.5611553154612459,0.0029955572854650035,0.5164249239461103,0.025089704926948606
OULAD,1,smote,SVC,0.6538503670174792,0.020343004121901907,0.6077533153863273,0.016769337006201326,0.5828704067654931,0.01783512604625112,0.5821168106258149,0.01224800357862099
OULAD,1,smote,XGB,0.6514583416973946,0.016973596566017376,0.6008544582505156,0.011463234520911105,0.5848709267728827,0.00838740898321142,0.528663149174272,0.04752241298376519
OULAD,1,smote,XT,0.6485083989944387,0.014997542916909449,0.60158331129809,0.012187863961613934,0.5851763470338529,0.009952012859926702,0.5315311277705346,0.04842985227941834
OULAD,2,nearmiss,ABC,0.7161135167232133,0.010575746136004475,0.6573078321359545,0.012099323222780524,0.6426079113126003,0.010713642297558819,0.5821222430465015,0.021153432610986185
OULAD,2,nearmiss,CB,0.7250401542491991,0.010652426577192446,0.6562163943384952,0.007825916699820856,0.6457054157114371,0.007309081805417896,0.560221099521947,0.020234327779726315
OULAD,2,nearmiss,DT,0.6358174659755674,0.012316731803794436,0.5985856650752907,0.0108298075723722,0.5641997798701132,0.012958727555951429,0.6154840965884398,0.009572862062734463
OULAD,2,nearmiss,GBC,0.7265947578093008,0.012587841450356288,0.6608227074199665,0.010337502224754465,0.6532874471529089,0.00789545489914326,0.5503160989787049,0.027386586725878913
OULAD,2,nearmiss,KNN,0.6471775723444957,0.012684065366156768,0.6212876830654469,0.010787423391336107,0.5926403955747701,0.010738921538827438,0.6107853922207735,0.018325177908857352
OULAD,2,nearmiss,LR,0.7359926991913952,0.011982387324718454,0.6719791083757027,0.014046395665664076,0.6547505221965417,0.011301726575245715,0.6097535718166014,0.027595351826612848
OULAD,2,nearmiss,MLP,0.7357362923976583,0.011390069769375854,0.6632796227370447,0.010844431272233303,0.6579054380946311,0.010612711727123076,0.5427565460669275,0.020453362884905103
OULAD,2,nearmiss,NB,0.6048097497841903,0.005447267102119672,0.5963478060737601,0.00831333484037081,0.5341707277829245,0.009023271766122283,0.7140251521077792,0.012036551777143484
OULAD,2,nearmiss,RF,0.670427193976095,0.012458911485947126,0.6267183661047377,0.011124796490766888,0.611577506247564,0.011370518457196431,0.5521325646458062,0.012970092482931874
OULAD,2,nearmiss,Ridge,0.7311985112477378,0.012012276689611,0.668755320094091,0.013008177841068393,0.6501798281668407,0.010736743544744076,0.6123611337461974,0.024498566485172853
OULAD,2,nearmiss,SVC,0.7214993272601588,0.008561929992208598,0.6543233859126192,0.006208359496017938,0.6530173747499117,0.004714990963560259,0.5083462353324641,0.018848613764119757
OULAD,2,nearmiss,XGB,0.6948582268465057,0.011398385964318816,0.6359533197838885,0.011905839543267566,0.6237026734439286,0.014086356639326265,0.546660419382877,0.01729492653713436
OULAD,2,nearmiss,XT,0.6613092268689146,0.009324879290920542,0.621405908801321,0.00270611237945292,0.597392092808313,0.0035515197332966113,0.590196178292047,0.006826971650124189
OULAD,2,none,ABC,0.7639800682321264,0.018116473791384695,0.6337796725481561,0.007322217349157567,0.6492405473226135,0.009761029126614737,0.2872776102781399,0.013824959677611673
OULAD,2,none,CB,0.7816672397741393,0.016266443733508027,0.6613530291187184,0.00986914991268421,0.6810332386518602,0.011762070714951672,0.376429066166884,0.01604392187660709
OULAD,2,none,DT,0.6882149293569095,0.009908167783120812,0.662093009951527,0.011346785765396406,0.6695341398966824,0.012302322532614197,0.4684539330725771,0.014209747390010165
OULAD,2,none,GBC,0.7842502061755671,0.01759243901580151,0.6566908360901124,0.009419784523056966,0.6767505543064123,0.011563626486955374,0.3558374755541069,0.01593797178457789
OULAD,2,none,KNN,0.7243003602916921,0.01603508177587355,0.6597358476662067,0.013155338684669567,0.671683087311073,0.01414060164772529,0.43325660039113423,0.021985797526689582
OULAD,2,none,LR,0.7367310484479088,0.01025801798010745,0.6322459316273186,0.004989010147336663,0.6471595687566847,0.006440284724250077,0.29587984843546283,0.009879230361027242
OULAD,2,none,MLP,0.7823481637307955,0.01714135288565263,0.656910674231846,0.011042777860422775,0.6769453307360693,0.013547864571712935,0.35688117937853103,0.01835272285931337
OULAD,2,none,NB,0.6185474302162257,0.011763586133642163,0.5,0.0,0.41912632596928623,1.7111082300128456e-05,0.0,0.0
OULAD,2,none,RF,0.7327105679476664,0.01598189499120662,0.6618607383554554,0.011156438691744118,0.6754322729573504,0.012562884455904541,0.42674244893524554,0.01537412275793188
OULAD,2,none,Ridge,0.7371139125960473,0.010350805134707451,0.6212706059999539,0.0060513419750979685,0.6323231395067725,0.008366835538908594,0.2596432257714037,0.012216810991002249
OULAD,2,none,SVC,0.7546555231435027,0.015036470658902061,0.6236127005628275,0.006478984948898533,0.6353915207916463,0.009065443352421374,0.2612094605606258,0.014206737314085678
OULAD,2,none,XGB,0.7669361018802537,0.014245097244644518,0.6632416753091801,0.009087641591666546,0.6812411023616303,0.010594593435972199,0.39650389776184264,0.014008214310527092
OULAD,2,none,XT,0.7098011234494251,0.013955792982304479,0.6625904579344852,0.010938980094900892,0.6724203634482956,0.011736569737909019,0.4538543024771838,0.015940199061466268
OULAD,2,smote,ABC,0.7622058931426927,0.014076441660961796,0.6913834514260708,0.013276751629568508,0.691505936499523,0.022146449979558863,0.5550012222946545,0.03599677961848471
OULAD,2,smote,CB,0.779137717295921,0.017621633554641247,0.7023610062467391,0.015416111593328388,0.7021653383089067,0.016020347011599465,0.571425806714472,0.022689722931370115
OULAD,2,smote,DT,0.6817512366659477,0.012511809398507564,0.6576585949826651,0.008235825190515312,0.6557915969669305,0.007875183761837858,0.516426621577575,0.01551273377931074
OULAD,2,smote,GBC,0.783591425718573,0.016800576323379,0.7093480221896542,0.014367364460231317,0.695367787642476,0.01626885242628862,0.6397276320078227,0.012702973421416987
OULAD,2,smote,KNN,0.7197999163767549,0.01444971888287461,0.6731303402900732,0.011317623033526125,0.6708622816674741,0.010162025201085428,0.5396203416992612,0.024649664155587996
OULAD,2,smote,LR,0.7389421111082118,0.01062955549251295,0.6701588133498275,0.013006328253328474,0.6539003586290658,0.010957411602334152,0.6034967812907431,0.0237745737640898
OULAD,2,smote,MLP,0.7837782857520965,0.017902742937829126,0.7063084704006249,0.019425488194000053,0.6905290215013549,0.016843030931294845,0.6426024011299435,0.038007955816580806
OULAD,2,smote,NB,0.6181957970723536,0.015375173596815965,0.6002194124692093,0.010771931163390341,0.537300500567182,0.010655722683627983,0.7197543187744458,0.016320957986157576
OULAD,2,smote,RF,0.7257822250153705,0.014833131908004584,0.6629941411853819,0.007343096089100845,0.6662059463819963,0.007358575729338863,0.4953060490004346,0.01299190128308235
OULAD,2,smote,Ridge,0.7358171194379349,0.011441828034402649,0.6696688675840411,0.010616720172239393,0.6562229758310405,0.008375746466836798,0.5899415335723598,0.022907116704582463
OULAD,2,smote,SVC,0.7778322243398974,0.01910531079195441,0.7008371287485111,0.01587336892058859,0.6965412333527754,0.01654103433769801,0.5875950673620165,0.022387836283200156
OULAD,2,smote,XGB,0.7601306128819081,0.01578928365434015,0.6886757481417355,0.013398321994218669,0.6827960996438858,0.013685271663536967,0.578461131029987,0.01913043264222774
OULAD,2,smote,XT,0.7051861125961665,0.012252342313887124,0.6625318861571408,0.00494955704797565,0.6624768302188239,0.004987706445736176,0.5132938124728379,0.008107109969701562
OULAD,3,nearmiss,ABC,0.8287491407300147,0.013576315965283536,0.7616919696614766,0.01072642753006942,0.7839487395242272,0.011704604402702644,0.5800256681877445,0.017294598928199924
OULAD,3,nearmiss,CB,0.8322374829022211,0.01911186876633401,0.7569840209572449,0.013211987316379417,0.7802220923010187,0.014773985824583887,0.5682963928726641,0.020200951385594614
OULAD,3,nearmiss,DT,0.6847241761583842,0.014392288075710483,0.667179452939646,0.011562429192456963,0.6355476958191048,0.011582013464191052,0.6660555193394176,0.02191534469153283
OULAD,3,nearmiss,GBC,0.834564515125129,0.018762998152169405,0.7562077201164975,0.010926365919585596,0.7789550336244035,0.012166196924362953,0.5685551119078662,0.018758535412189806
OULAD,3,nearmiss,KNN,0.7695145724223453,0.019569392712706624,0.7347637368567718,0.015766676257974163,0.7401916445649686,0.016123317604148115,0.5961894964146024,0.02345736792184318
OULAD,3,nearmiss,LR,0.850981570395341,0.014333705108473137,0.7745591412924967,0.012620197743581085,0.7870935620183459,0.013706024390231972,0.633727523359409,0.017530120709637036
OULAD,3,nearmiss,MLP,0.8506492866217721,0.016368280422569128,0.75950299090058,0.010896757667322605,0.7848624023736075,0.012080218090594461,0.5656881518904824,0.018933178598926074
OULAD,3,nearmiss,NB,0.7737063209613207,0.011897064896119226,0.7156399601220593,0.012968746914953417,0.703412473705567,0.02242440396498412,0.6397320458496306,0.04411791807500431
OULAD,3,nearmiss,RF,0.7815723441831295,0.015443747636063284,0.7277275451684803,0.011993792663662814,0.7314061438296882,0.011658149723314417,0.5922774744676228,0.020120011406897058
OULAD,3,nearmiss,Ridge,0.8498629425411955,0.014248063619371079,0.770555115004703,0.013635476195105444,0.7886342429597957,0.01517776387329837,0.6092215341156019,0.018863685816252713
OULAD,3,nearmiss,SVC,0.8162509410381213,0.015216060506129662,0.7425128595406061,0.007586032556988101,0.7722657793654121,0.008596162403681544,0.5177232724902217,0.012633072114588384
OULAD,3,nearmiss,XGB,0.7913525362814674,0.01603258290287115,0.746077882144354,0.00914706314794234,0.7586002090224657,0.009142221294558084,0.5873285392220774,0.015616370923312469
OULAD,3,nearmiss,XT,0.7752910394599867,0.01268413601110182,0.7231452868719226,0.010864149180800113,0.724524025325932,0.011207456385907089,0.5948846968709256,0.015804543103119226
OULAD,3,none,ABC,0.843980577077264,0.016213497277587235,0.7549542563708058,0.012709185095548303,0.7810529652239403,0.012717408410195207,0.554476993698392,0.024491862518587183
OULAD,3,none,CB,0.8536965351502813,0.01587863946193074,0.7540812449930707,0.011325615672751602,0.7800626596739649,0.012198094185467972,0.5534360060843111,0.020069512847192158
OULAD,3,none,DT,0.7234024531862817,0.006560628588509121,0.7154852452145339,0.0062665171833445705,0.7116793552535283,0.006945677037345734,0.6053207165362886,0.013396151789398677
OULAD,3,none,GBC,0.8537785829975826,0.01675088242770118,0.7594904575270234,0.013819327470123632,0.7846033609838429,0.015220564455899912,0.5664687228378965,0.02190690473931805
OULAD,3,none,KNN,0.8085223283248275,0.01358540404376117,0.7423245363043465,0.013352431745177811,0.7612824465357024,0.014348300764819005,0.5570855742068666,0.020732467546351562
OULAD,3,none,LR,0.8517243536820933,0.014243745240870572,0.7553772995319947,0.012175885182001632,0.7817968889954661,0.012320388451296318,0.5542162375054324,0.022982366031986112
OULAD,3,none,MLP,0.8569907210695581,0.015958116091799705,0.7585306223032708,0.013001143107030268,0.7840043827319204,0.013544145671010168,0.5633399880486745,0.023731908085677402
OULAD,3,none,NB,0.757721392987178,0.026136398489264415,0.7012199451704981,0.009932281685890802,0.6997706966010447,0.008649465880488273,0.5750770724684919,0.020928273028337285
OULAD,3,none,RF,0.8271623891784543,0.015521737152731346,0.7418925693283798,0.009665887908001464,0.7591924804394627,0.010491762603432157,0.5625594171012603,0.01582266084273484
OULAD,3,none,Ridge,0.8519549185173803,0.014081769944176424,0.7445927806960236,0.009343034516766803,0.7732192511930037,0.009659976215350356,0.52580569589309,0.017604600765179616
OULAD,3,none,SVC,0.8134619982916789,0.012702621158407002,0.7349371910954137,0.006195651381750759,0.7667002857738734,0.007059321571381018,0.4945234408952629,0.010766415152893942
OULAD,3,none,XGB,0.8362238666576942,0.014648616686224719,0.7469640922494518,0.010262301757999415,0.769996299796506,0.010997981056064627,0.5505700646458062,0.018684387776109854
OULAD,3,none,XT,0.8065324411481978,0.015633911776481983,0.7360748558500145,0.014469688172123213,0.7504548474933758,0.015592019730053547,0.5636004047153411,0.021784285317240883
OULAD,3,smote,ABC,0.8420623370241964,0.016562407166827504,0.7746447099347755,0.010610222547348449,0.7769806498037175,0.010892160237139169,0.6670954883746197,0.016867277511677558
OULAD,3,smote,CB,0.8519641830540865,0.01702308586864979,0.7724163389940225,0.014452977343712665,0.7804354759885179,0.01437737207767132,0.6449352862885702,0.023767407324389596
OULAD,3,smote,DT,0.7227213776399293,0.012515715350109154,0.7167219935802124,0.012290753180480094,0.709074269849535,0.012582558512174524,0.6227852699913081,0.021409115297401776
OULAD,3,smote,GBC,0.8535186872614448,0.016878000021165643,0.7766487718912377,0.01727750845803155,0.7786957064995914,0.01761690461587712,0.6710051336375489,0.025352479036785624
OULAD,3,smote,KNN,0.7956699534430371,0.01406064931501685,0.7354549840894092,0.013510035586818906,0.7173676847999012,0.01364808627367757,0.6869075266188613,0.016884542269074848
OULAD,3,smote,LR,0.8522891154615216,0.014258313069793012,0.7763452694907585,0.011635357452259524,0.7722010617389519,0.011003972355012765,0.6908181904606693,0.01964549256659112
OULAD,3,smote,MLP,0.856679237382769,0.017165373622361292,0.7787880330858663,0.013201415219823664,0.7751706377938967,0.011551029132401972,0.6923861228813559,0.024986037723396894
OULAD,3,smote,NB,0.7626039647499815,0.01939408561334985,0.707554384910393,0.012014035192453556,0.6709540599686228,0.01003439758786337,0.7249708007388092,0.023420835793483762
OULAD,3,smote,RF,0.8256955558249175,0.015257986975824587,0.7450656852253352,0.013683899588570145,0.7517391690328504,0.012803894764031843,0.6071341264667536,0.025193349694478683
OULAD,3,smote,Ridge,0.8500469560389572,0.014225604435308598,0.7747723168990441,0.014465179391978557,0.7858337109645956,0.014510642048797963,0.6386805329204693,0.02319396043350528
OULAD,3,smote,SVC,0.8473359681638902,0.018779750284709087,0.7758173872047112,0.01256552526654427,0.7854069757689162,0.013198449201502583,0.6451977401129942,0.018503689304803318
OULAD,3,smote,XGB,0.837676428474731,0.016228514634590498,0.7595040721362097,0.01186884010360868,0.7640384456243823,0.01214650757755376,0.6371176933941765,0.017635843142052906
OULAD,3,smote,XT,0.8068075617509978,0.017247943469802646,0.743106329685649,0.011699941135132255,0.7493613244202344,0.011772476461774064,0.6058313640808344,0.020965218933609402
OULAD,full,nearmiss,ABC,0.8816469486873698,0.007038669501105674,0.8212168885563264,0.010821719460049544,0.8255899324265263,0.010090559893975646,0.7296593193176879,0.020585518633268098
OULAD,full,nearmiss,CB,0.902444334639252,0.0042372070435141105,0.8285356382377405,0.008476971400377063,0.8422947717532512,0.007610233151160977,0.7153218030204259,0.01643109789213002
OULAD,full,nearmiss,DT,0.7341298949236063,0.007917353884322,0.7119054259826194,0.010151379280994645,0.668666276448419,0.011914554906344261,0.753392207192525,0.011436453204291219
OULAD,full,nearmiss,GBC,0.901863336419987,0.004784627449223452,0.8315885637308629,0.008923166341103364,0.8436979939523883,0.008802789460585915,0.7244465721425468,0.015700165783418738
OULAD,full,nearmiss,KNN,0.8626833156673029,0.007031253104948543,0.8156321057566627,0.009302732793777956,0.8247583348550407,0.009365846172820411,0.7080260620382443,0.016987992795099667
OULAD,full,nearmiss,LR,0.9059818842607881,0.007439525560555631,0.8380716971252916,0.009087095530996504,0.8346503790063249,0.008871022965624281,0.7755408653846153,0.01700524454322544
OULAD,full,nearmiss,MLP,0.8923665326420565,0.007666025370801832,0.8273114822605903,0.008511639934980107,0.8457109861066355,0.011809163552756958,0.7015085153194264,0.010903697547205113
OULAD,full,nearmiss,NB,0.8711933666787257,0.010111326835841195,0.7954901262745487,0.01170011378744751,0.7660536791640616,0.012617299831150793,0.7969208360495437,0.015620880155218005
OULAD,full,nearmiss,RF,0.88351292166622,0.005231049662287134,0.8222879212572517,0.007124480038125214,0.8321590011383773,0.006052095351715553,0.7161050901781835,0.015715385528567036
OULAD,full,nearmiss,Ridge,0.9046437665226842,0.007061297104350018,0.8367655762855385,0.009740213861283788,0.8374028600287549,0.010456241071770263,0.7627685652976967,0.015734228121851695
OULAD,full,nearmiss,SVC,0.8877408159578366,0.006067365505612096,0.8245045051907589,0.009798996941154837,0.8479804133293045,0.009429619859907564,0.6835180356366797,0.01891420351573667
OULAD,full,nearmiss,XGB,0.8716109244769322,0.009575914554530291,0.8093843215351715,0.006913340611860121,0.8089930669831242,0.005765020587431026,0.7260107697740112,0.01530895525323707
OULAD,full,nearmiss,XT,0.8925008918943573,0.004885499387095289,0.8214029942571391,0.00805911501338762,0.8350683710722093,0.0062676408486414745,0.7043754753368101,0.018887613749441742
OULAD,full,none,ABC,0.9014279019906587,0.008610831715968463,0.8242952746365141,0.008197738379432102,0.8434333276231556,0.007809409449470237,0.6944670795306388,0.014888431968465895
OULAD,full,none,CB,0.9257829914239867,0.006019550767723848,0.827473955610213,0.007400143608732854,0.8484145645697548,0.008033305272319541,0.6949902895480227,0.012257413649265237
OULAD,full,none,DT,0.8064325992214357,0.01011873306677209,0.8009708796705229,0.010395612342161194,0.796339041666082,0.010210539887306512,0.7267923593003042,0.018673004811747704
OULAD,full,none,GBC,0.9223525289788415,0.0058695542802226315,0.8303836967455407,0.009963766227845904,0.8516035154136847,0.009240633350730165,0.6988978976531943,0.01877562502468819
OULAD,full,none,KNN,0.8931396757653838,0.010058003903001062,0.8167387428042332,0.00835020258779293,0.8353226637811251,0.008666681877238661,0.6837808289873968,0.01453026633177897
OULAD,full,none,LR,0.9068118270548704,0.007491269095506329,0.8243197492634045,0.009726297417919373,0.844550224154165,0.008820108395096676,0.6915984218817905,0.018682735936159413
OULAD,full,none,MLP,0.9243691050880314,0.007317564769391755,0.831492187589923,0.0077703332338408156,0.8512077231366748,0.008476500913319413,0.7046379291612342,0.016219460925806298
OULAD,full,none,NB,0.862545627346651,0.013579056770744079,0.7853072703325532,0.013035615279747887,0.7702589854969109,0.01352753732255749,0.7385263879834854,0.018183240021607917
OULAD,full,none,RF,0.9203379460283724,0.005257514086015061,0.8237756387684128,0.008813465702844917,0.8456654185106374,0.007552503849668335,0.6863849956540634,0.018125225268741753
OULAD,full,none,Ridge,0.9000524466439025,0.008347657817454668,0.8093855056931327,0.009791211870171918,0.8326109722180023,0.008955799573315782,0.6590127254454584,0.01889591373025088
OULAD,full,none,SVC,0.8921358624834055,0.0036016789653414215,0.8150699029711241,0.007434023672404436,0.8441107268223877,0.007210575793137047,0.6532801635158627,0.014082221458696554
OULAD,full,none,XGB,0.9160442833529265,0.004175700453322637,0.8230826666201645,0.005739711708988742,0.8421780084031463,0.00535069239115709,0.6926451814428509,0.012206847017231253
OULAD,full,none,XT,0.9207445000309843,0.0066533727070023484,0.8192545039581864,0.010823867006380956,0.8419504342752194,0.008731301366614382,0.6767390536723163,0.02399645252404156
OULAD,full,smote,ABC,0.8996643457165338,0.0064239282480511835,0.8313950748002942,0.00924013520227516,0.823299829781902,0.010751058043637648,0.7791900939808778,0.016454853923652226
OULAD,full,smote,CB,0.9227034430526644,0.006369765239204673,0.8430311428928506,0.00858086728613821,0.8443174703818626,0.00820886429341506,0.7700677015428075,0.016844677611518786
OULAD,full,smote,DT,0.7971885971963328,0.0075916912491378235,0.7927752776314378,0.007719985141641595,0.7790165173525478,0.008475600658513676,0.7440022680356366,0.02142266678756926
OULAD,full,smote,GBC,0.9215610259200204,0.007071346090476074,0.8456801000181373,0.008713449061344082,0.8401568720242475,0.009512436195858108,0.7919661288570187,0.014017915358588949
OULAD,full,smote,KNN,0.8852863680904253,0.009283084918739791,0.8187915850158,0.006181624945184524,0.8004988299705866,0.008683900138451231,0.7917074098218166,0.008744056551683041
OULAD,full,smote,LR,0.9064666409345934,0.00716032429765576,0.8393146858957126,0.008596433700125928,0.826888962236208,0.007544458288706037,0.801870110821382,0.017010452692038786
OULAD,full,smote,MLP,0.9204034534771413,0.007428650888696189,0.8466537058785704,0.010459324442923032,0.8390705516550421,0.009651558013271982,0.7987406969795741,0.022706067834867602
OULAD,full,smote,NB,0.8632035604666944,0.011978417855504533,0.791509208635399,0.011725984498414886,0.7575429161899828,0.012036778428161067,0.8065647408735332,0.014633970819144153
OULAD,full,smote,RF,0.9198718007254302,0.00689952942711637,0.8360409755502289,0.008569237177194164,0.8404633317667528,0.008999618146429434,0.7515594442633637,0.013974063459851653
OULAD,full,smote,Ridge,0.9011831788913683,0.0075883639934105854,0.8305756796328989,0.010345453091322206,0.8295771722511749,0.011531835448484112,0.7583370681225554,0.012933943520072077
OULAD,full,smote,SVC,0.9162128976481544,0.006311361302418175,0.8465314280360898,0.007089097720267613,0.840481117992345,0.008302635083635648,0.7945743698392003,0.013934755039617717
OULAD,full,smote,XGB,0.9135563171968781,0.006685526360392998,0.8324729677249317,0.00862147772506698,0.8333139350807715,0.009368111640279352,0.7559936576488483,0.0131637791744982
OULAD,full,smote,XT,0.9189105749145362,0.007142128125496342,0.8337044589337774,0.009981864069106072,0.8409679511531449,0.007396508180631931,0.740345909387223,0.02374044994611934
