dataset,stage,sampler,roc_auc,bal_acc,f1_macro,recall_fail
AUC,1,nearmiss,0.739 ± 0.058,0.722 ± 0.031,0.663 ± 0.033,0.519 ± 0.057
AUC,1,none,0.811 ± 0.035,0.720 ± 0.033,0.723 ± 0.031,0.833 ± 0.061
AUC,1,smote,0.804 ± 0.035,0.734 ± 0.061,0.696 ± 0.054,0.614 ± 0.066
AUC,2,nearmiss,0.881 ± 0.030,0.822 ± 0.025,0.812 ± 0.026,0.823 ± 0.064
AUC,2,none,0.919 ± 0.021,0.833 ± 0.027,0.827 ± 0.020,0.853 ± 0.044
AUC,2,smote,0.916 ± 0.019,0.830 ± 0.022,0.819 ± 0.021,0.830 ± 0.058
AUC,3,nearmiss,0.912 ± 0.038,0.842 ± 0.037,0.830 ± 0.031,0.830 ± 0.033
AUC,3,none,0.937 ± 0.024,0.856 ± 0.047,0.849 ± 0.042,0.870 ± 0.044
AUC,3,smote,0.931 ± 0.024,0.864 ± 0.017,0.854 ± 0.017,0.858 ± 0.042
AUC,full,nearmiss,0.998 ± 0.002,0.974 ± 0.014,0.968 ± 0.015,0.960 ± 0.016
AUC,full,none,0.999 ± 0.001,0.986 ± 0.017,0.984 ± 0.015,0.984 ± 0.010
AUC,full,smote,0.999 ± 0.001,0.986 ± 0.018,0.984 ± 0.017,0.984 ± 0.016
HarvardX,full,nearmiss,0.943 ± 0.006,0.832 ± 0.008,0.826 ± 0.007,0.957 ± 0.005
HarvardX,full,none,0.958 ± 0.003,0.810 ± 0.008,0.818 ± 0.005,0.962 ± 0.003
HarvardX,full,smote,0.956 ± 0.003,0.891 ± 0.007,0.825 ± 0.006,0.921 ± 0.004
OULAD,1,nearmiss,0.644 ± 0.010,0.528 ± 0.005,0.314 ± 0.015,0.972 ± 0.007
OULAD,1,none,0.744 ± 0.008,0.647 ± 0.008,0.661 ± 0.010,0.330 ± 0.020
OULAD,1,smote,0.742 ± 0.009,0.676 ± 0.008,0.677 ± 0.008,0.542 ± 0.018
OULAD,2,nearmiss,0.809 ± 0.010,0.736 ± 0.008,0.752 ± 0.007,0.556 ± 0.027
OULAD,2,none,0.838 ± 0.006,0.732 ± 0.010,0.755 ± 0.010,0.511 ± 0.026
OULAD,2,smote,0.836 ± 0.007,0.754 ± 0.004,0.760 ± 0.003,0.631 ± 0.017
OULAD,3,nearmiss,0.868 ± 0.004,0.791 ± 0.009,0.810 ± 0.007,0.636 ± 0.020
OULAD,3,none,0.887 ± 0.003,0.791 ± 0.006,0.814 ± 0.005,0.622 ± 0.014
OULAD,3,smote,0.886 ± 0.004,0.801 ± 0.003,0.812 ± 0.003,0.685 ± 0.011
OULAD,full,nearmiss,0.929 ± 0.007,0.869 ± 0.005,0.874 ± 0.006,0.802 ± 0.007
OULAD,full,none,0.952 ± 0.004,0.873 ± 0.002,0.888 ± 0.002,0.781 ± 0.004
OULAD,full,smote,0.950 ± 0.005,0.881 ± 0.005,0.886 ± 0.006,0.819 ± 0.007
