Model,Attribute,Demographic parity diff.,Equal opportunity diff.,FPR gap
Stage 1,Age band,0.009 ± 0.009,0.033 ± 0.023,0.010 ± 0.008
Stage 1,Disability,0.020 ± 0.012,0.036 ± 0.010,0.007 ± 0.004
Stage 1,Gender,0.013 ± 0.010,0.031 ± 0.017,0.008 ± 0.006
Stage 1,IMD band,0.055 ± 0.010,0.115 ± 0.085,0.036 ± 0.016
Stage 2,Age band,0.021 ± 0.013,0.037 ± 0.030,0.005 ± 0.004
Stage 2,Disability,0.043 ± 0.020,0.026 ± 0.028,0.016 ± 0.004
Stage 2,Gender,0.039 ± 0.008,0.070 ± 0.014,0.015 ± 0.009
Stage 2,IMD band,0.083 ± 0.013,0.134 ± 0.039,0.030 ± 0.023
Stage 3,Age band,0.032 ± 0.013,0.019 ± 0.014,0.008 ± 0.006
Stage 3,Disability,0.059 ± 0.018,0.032 ± 0.033,0.028 ± 0.017
Stage 3,Gender,0.010 ± 0.011,0.021 ± 0.015,0.016 ± 0.012
Stage 3,IMD band,0.122 ± 0.024,0.149 ± 0.055,0.025 ± 0.008
Complete record (f),Age band,0.057 ± 0.023,0.043 ± 0.035,0.013 ± 0.007
Complete record (f),Disability,0.092 ± 0.026,0.019 ± 0.024,0.034 ± 0.031
Complete record (f),Gender,0.013 ± 0.011,0.018 ± 0.013,0.005 ± 0.004
Complete record (f),IMD band,0.151 ± 0.038,0.137 ± 0.076,0.051 ± 0.008
