Method,Attribute,Yield gap (pp),p (Holm),Effort gap (relative),p (Holm)
DiCE first candidate,Gender,30.3,< .001,0.195 (15%),< .001
DiCE first candidate,Age band,7.2,< .001,0.054 (4%),0.114
DiCE first candidate,IMD band,21.0,< .001,0.126 (10%),0.692
DiCE first candidate,Disability,5.9,0.182,0.038 (3%),1.000
DiCE + full gate,Gender,1.3,< .001,0.242 (18%),< .001
DiCE + full gate,Age band,0.4,1.000,0.057 (4%),0.025
DiCE + full gate,IMD band,0.8,1.000,0.176 (13%),0.011
DiCE + full gate,Disability,0.2,1.000,0.009 (1%),1.000
Framework,Gender,0.0,1.000,0.435 (48%),< .001
Framework,Age band,0.1,1.000,0.068 (8%),< .001
Framework,IMD band,0.1,1.000,0.262 (32%),< .001
Framework,Disability,0.1,1.000,0.032 (4%),1.000
Framework + fallback,Gender,0.0,–,0.434 (48%),< .001
Framework + fallback,Age band,0.0,–,0.069 (8%),< .001
Framework + fallback,IMD band,0.0,–,0.262 (32%),< .001
Framework + fallback,Disability,0.0,–,0.031 (4%),1.000
Policy repair + escalation,Gender,9.2,< .001,0.466 (65%),< .001
Policy repair + escalation,Age band,2.8,0.128,0.056 (8%),< .001
Policy repair + escalation,IMD band,3.5,0.574,0.287 (46%),< .001
Policy repair + escalation,Disability,1.3,1.000,0.036 (5%),1.000
NICE (bounded),Gender,17.7,< .001,0.045 (8%),1.000
NICE (bounded),Age band,4.4,0.013,0.020 (4%),1.000
NICE (bounded),IMD band,7.9,0.015,0.014 (3%),1.000
NICE (bounded),Disability,2.6,1.000,0.072 (15%),0.868
MCCE (bounded),Gender,27.8,< .001,0.042 (3%),0.370
MCCE (bounded),Age band,4.0,0.381,0.017 (1%),1.000
MCCE (bounded),IMD band,25.5,< .001,0.083 (7%),1.000
MCCE (bounded),Disability,1.1,1.000,0.050 (4%),1.000
CARE (bounded),Gender,43.9,< .001,0.092 (11%),1.000
CARE (bounded),Age band,4.6,1.000,0.083 (10%),1.000
CARE (bounded),IMD band,24.6,1.000,0.217 (27%),1.000
CARE (bounded),Disability,3.3,1.000,0.192 (27%),0.986
