Method,Contrast,Outcome,n,Raw diff.,Adjusted diff. [95% CI],p,p (Holm)
DiCE first candidate,Female − Male,Yield (pp),"4,500",-15.7,"3.2 [-0.9, 7.3]",0.128,1.000
DiCE first candidate,Female − Male,Effort,"1,553",0.181,"0.011 [-0.059, 0.082]",0.750,1.000
DiCE first candidate,35+ − 0-35,Yield (pp),"4,500",-3.1,"-0.5 [-4.0, 2.9]",0.770,1.000
DiCE first candidate,35+ − 0-35,Effort,"1,553",0.037,"0.010 [-0.036, 0.055]",0.677,1.000
DiCE first candidate,IMD 0-30% − IMD 70-100%,Yield (pp),"2,722",-4.6,"-0.6 [-5.0, 3.8]",0.783,1.000
DiCE first candidate,IMD 0-30% − IMD 70-100%,Effort,903,0.054,"0.001 [-0.053, 0.056]",0.964,1.000
DiCE first candidate,yes − no,Yield (pp),"4,500",-0.0,"-0.8 [-6.2, 4.7]",0.785,1.000
DiCE first candidate,yes − no,Effort,"1,553",-0.021,"-0.022 [-0.091, 0.047]",0.535,1.000
DiCE + full gate,Female − Male,Yield (pp),"4,500",-18.9,"0.0 [-4.7, 4.7]",0.997,1.000
DiCE + full gate,Female − Male,Effort,"3,182",0.202,"-0.042 [-0.096, 0.013]",0.135,1.000
DiCE + full gate,35+ − 0-35,Yield (pp),"4,500",-2.3,"0.4 [-3.0, 3.9]",0.810,1.000
DiCE + full gate,35+ − 0-35,Effort,"3,182",0.038,"0.005 [-0.032, 0.043]",0.775,1.000
DiCE + full gate,IMD 0-30% − IMD 70-100%,Yield (pp),"2,722",-2.2,"2.2 [-2.1, 6.5]",0.306,1.000
DiCE + full gate,IMD 0-30% − IMD 70-100%,Effort,"1,916",0.086,"0.020 [-0.026, 0.066]",0.401,1.000
DiCE + full gate,yes − no,Yield (pp),"4,500",-0.5,"-0.5 [-5.4, 4.4]",0.842,1.000
DiCE + full gate,yes − no,Effort,"3,182",-0.020,"-0.015 [-0.069, 0.040]",0.602,1.000
Framework,Female − Male,Yield (pp),"4,500",-0.5,"0.8 [-1.1, 2.7]",0.407,1.000
Framework,Female − Male,Effort,"4,241",0.300,"-0.042 [-0.107, 0.024]",0.211,1.000
Framework,35+ − 0-35,Yield (pp),"4,500",1.1,"0.5 [-0.9, 1.9]",0.482,1.000
Framework,35+ − 0-35,Effort,"4,241",0.049,"-0.012 [-0.060, 0.037]",0.635,1.000
Framework,IMD 0-30% − IMD 70-100%,Yield (pp),"2,722",0.1,"-0.0 [-2.0, 1.9]",0.961,1.000
Framework,IMD 0-30% − IMD 70-100%,Effort,"2,556",0.108,"0.010 [-0.051, 0.071]",0.749,1.000
Framework,yes − no,Yield (pp),"4,500",-0.8,"-0.7 [-3.2, 1.7]",0.557,1.000
Framework,yes − no,Effort,"4,241",-0.016,"-0.013 [-0.085, 0.059]",0.718,1.000
Framework + fallback,Female − Male,Yield (pp),"4,500",-0.3,"0.1 [-1.6, 1.8]",0.880,1.000
Framework + fallback,Female − Male,Effort,"4,282",0.296,"-0.045 [-0.110, 0.020]",0.178,1.000
Framework + fallback,35+ − 0-35,Yield (pp),"4,500",0.9,"0.2 [-1.2, 1.5]",0.821,1.000
Framework + fallback,35+ − 0-35,Effort,"4,282",0.047,"-0.013 [-0.062, 0.036]",0.605,1.000
Framework + fallback,IMD 0-30% − IMD 70-100%,Yield (pp),"2,722",-0.0,"-0.4 [-2.1, 1.4]",0.671,1.000
Framework + fallback,IMD 0-30% − IMD 70-100%,Effort,"2,582",0.105,"0.008 [-0.053, 0.070]",0.797,1.000
Framework + fallback,yes − no,Yield (pp),"4,500",0.1,"0.1 [-2.0, 2.3]",0.908,1.000
Framework + fallback,yes − no,Effort,"4,282",-0.013,"-0.011 [-0.082, 0.061]",0.774,1.000
Policy repair + escalation,Female − Male,Yield (pp),"4,500",5.6,"-0.2 [-2.7, 2.3]",0.893,1.000
Policy repair + escalation,Female − Male,Effort,"4,102",0.373,"-0.064 [-0.143, 0.015]",0.112,1.000
Policy repair + escalation,35+ − 0-35,Yield (pp),"4,500",1.9,"0.6 [-1.3, 2.5]",0.530,1.000
Policy repair + escalation,35+ − 0-35,Effort,"4,102",0.024,"-0.046 [-0.107, 0.014]",0.134,1.000
Policy repair + escalation,IMD 0-30% − IMD 70-100%,Yield (pp),"2,722",1.3,"-0.0 [-2.4, 2.3]",0.970,1.000
Policy repair + escalation,IMD 0-30% − IMD 70-100%,Effort,"2,481",0.166,"0.041 [-0.033, 0.115]",0.277,1.000
Policy repair + escalation,yes − no,Yield (pp),"4,500",-2.0,"-0.9 [-4.2, 2.4]",0.591,1.000
Policy repair + escalation,yes − no,Effort,"4,102",-0.033,"-0.006 [-0.099, 0.087]",0.896,1.000
NICE (bounded),Female − Male,Yield (pp),"4,500",-5.9,"-0.0 [-2.0, 2.0]",0.979,1.000
NICE (bounded),Female − Male,Effort,222,-0.007,"0.047 [-0.043, 0.137]",0.309,1.000
NICE (bounded),35+ − 0-35,Yield (pp),"4,500",-0.5,"0.3 [-1.4, 2.0]",0.732,1.000
NICE (bounded),35+ − 0-35,Effort,222,-0.146,"-0.064 [-0.112, -0.017]",0.008,0.529
NICE (bounded),IMD 0-30% − IMD 70-100%,Yield (pp),"2,722",-3.0,"-1.8 [-3.9, 0.3]",0.101,1.000
NICE (bounded),IMD 0-30% − IMD 70-100%,Effort,133,0.006,"-0.018 [-0.083, 0.047]",0.586,1.000
NICE (bounded),yes − no,Yield (pp),"4,500",-1.1,"-0.9 [-3.2, 1.4]",0.467,1.000
NICE (bounded),yes − no,Effort,222,-0.030,"-0.014 [-0.078, 0.050]",0.669,1.000
MCCE (bounded),Female − Male,Yield (pp),"4,500",10.2,"1.7 [-3.4, 6.8]",0.513,1.000
MCCE (bounded),Female − Male,Effort,"2,036",1.333,"-0.075 [-0.212, 0.062]",0.281,1.000
MCCE (bounded),35+ − 0-35,Yield (pp),"4,500",3.6,"1.4 [-2.6, 5.4]",0.499,1.000
MCCE (bounded),35+ − 0-35,Effort,"2,036",0.386,"0.101 [-0.011, 0.213]",0.078,1.000
MCCE (bounded),IMD 0-30% − IMD 70-100%,Yield (pp),"2,722",1.7,"-1.1 [-5.8, 3.7]",0.660,1.000
MCCE (bounded),IMD 0-30% − IMD 70-100%,Effort,"1,237",0.332,"-0.009 [-0.130, 0.112]",0.883,1.000
MCCE (bounded),yes − no,Yield (pp),"4,500",2.4,"4.2 [-2.0, 10.3]",0.187,1.000
MCCE (bounded),yes − no,Effort,"2,036",0.013,"0.014 [-0.146, 0.174]",0.862,1.000
CARE (bounded),Female − Male,Yield (pp),300,-16.5,"-2.3 [-21.7, 17.0]",0.813,1.000
CARE (bounded),Female − Male,Effort,88,0.577,"0.059 [-0.268, 0.385]",0.724,1.000
CARE (bounded),35+ − 0-35,Yield (pp),300,1.4,"-0.9 [-13.3, 11.4]",0.883,1.000
CARE (bounded),35+ − 0-35,Effort,88,0.371,"0.105 [-0.164, 0.373]",0.446,1.000
CARE (bounded),IMD 0-30% − IMD 70-100%,Yield (pp),175,-4.3,"-5.3 [-20.4, 9.8]",0.490,1.000
CARE (bounded),IMD 0-30% − IMD 70-100%,Effort,53,0.242,"0.040 [-0.201, 0.281]",0.747,1.000
CARE (bounded),yes − no,Yield (pp),300,0.3,"5.1 [-13.2, 23.4]",0.586,1.000
CARE (bounded),yes − no,Effort,88,0.353,"0.207 [-0.055, 0.470]",0.122,1.000
