dataset,seed,regime,stage,query,method,variant,condition,accepted,reasons,policy_score,seconds,effort,sparsity
AUC,2,aligned,1,13,CARE,native,CARE_native,1,OK,15.085,9.661874055862429,2.592,3
AUC,2,aligned,1,13,CARE,bounded,CARE_bounded,1,OK,15.2925,9.661874055862429,2.6335,3
AUC,2,aligned,1,13,CARE,bounded+edit,CARE_bounded+edit,1,OK,15.2925,9.661874055862429,2.6335,3
AUC,2,aligned,1,30,CARE,native,CARE_native,0,out_of_bounds:sum_click;immutable_changed:Test_1,15.1675,9.823469638824465,3.533880952380953,4
AUC,2,aligned,1,30,CARE,bounded,CARE_bounded,0,below_policy_threshold,14.775,9.823469638824465,2.7424916163648563,4
AUC,2,aligned,1,30,CARE,bounded+edit,CARE_bounded+edit,0,below_policy_threshold,14.775,9.823469638824465,2.7424916163648563,4
AUC,2,aligned,1,67,CARE,native,CARE_native,0,immutable_changed:Test_1,15.197499999999998,10.004156589508057,2.6005,3
AUC,2,aligned,1,67,CARE,bounded,CARE_bounded,1,OK,15.4575,10.004156589508057,2.6665,3
AUC,2,aligned,1,67,CARE,bounded+edit,CARE_bounded+edit,1,OK,15.4575,10.004156589508057,2.6665,3
AUC,2,aligned,1,72,CARE,native,CARE_native,0,immutable_changed:Test_1,15.185,9.063679218292236,2.596,3
AUC,2,aligned,1,72,CARE,bounded,CARE_bounded,1,OK,15.4375,9.063679218292236,2.866289974070873,4
AUC,2,aligned,1,72,CARE,bounded+edit,CARE_bounded+edit,1,OK,15.4375,9.063679218292236,2.866289974070873,4
AUC,2,aligned,1,80,CARE,native,CARE_native,0,immutable_changed:Test_1,15.15,9.60578465461731,2.6189867445517865,4
AUC,2,aligned,1,80,CARE,bounded,CARE_bounded,0,below_policy_threshold,14.8,9.60578465461731,2.62,3
AUC,2,aligned,1,80,CARE,bounded+edit,CARE_bounded+edit,0,below_policy_threshold,14.8,9.60578465461731,2.62,3
AUC,2,aligned,1,84,CARE,native,CARE_native,0,out_of_bounds:sum_click,15.075,9.7590970993042,2.5724038700074425,4
AUC,2,aligned,1,84,CARE,bounded,CARE_bounded,1,OK,15.275,9.7590970993042,2.6,3
AUC,2,aligned,1,84,CARE,bounded+edit,CARE_bounded+edit,1,OK,15.275,9.7590970993042,2.6,3
AUC,2,aligned,1,89,CARE,native,CARE_native,0,immutable_changed:Test_1,15.11,9.73721194267273,2.734631676215117,4
AUC,2,aligned,1,89,CARE,bounded,CARE_bounded,1,OK,15.05,9.73721194267273,2.80111254851229,4
AUC,2,aligned,1,89,CARE,bounded+edit,CARE_bounded+edit,1,OK,15.05,9.73721194267273,2.80111254851229,4
AUC,2,aligned,1,152,CARE,native,CARE_native,0,immutable_changed:Test_1,15.225,9.91346001625061,2.6049999999999995,3
AUC,2,aligned,1,152,CARE,bounded,CARE_bounded,0,below_policy_threshold,14.325,9.91346001625061,2.49,3
AUC,2,aligned,1,152,CARE,bounded+edit,CARE_bounded+edit,0,below_policy_threshold,14.325,9.91346001625061,2.49,3
AUC,2,aligned,1,183,CARE,native,CARE_native,1,OK,15.275,9.753766536712646,2.61,3
AUC,2,aligned,1,183,CARE,bounded,CARE_bounded,1,OK,15.165,9.753766536712646,2.588,3
AUC,2,aligned,1,183,CARE,bounded+edit,CARE_bounded+edit,1,OK,15.165,9.753766536712646,2.588,3
AUC,2,aligned,1,193,CARE,native,CARE_native,1,OK,15.2325,9.545382022857666,2.5965,3
AUC,2,aligned,1,193,CARE,bounded,CARE_bounded,1,OK,15.35,9.545382022857666,2.62,3
AUC,2,aligned,1,193,CARE,bounded+edit,CARE_bounded+edit,1,OK,15.35,9.545382022857666,2.62,3
AUC,2,aligned,1,204,CARE,native,CARE_native,0,immutable_changed:Test_1,15.66,9.588531732559204,2.68,3
AUC,2,aligned,1,204,CARE,bounded,CARE_bounded,0,below_policy_threshold,14.900000000000002,9.588531732559204,2.6,3
AUC,2,aligned,1,204,CARE,bounded+edit,CARE_bounded+edit,0,below_policy_threshold,14.900000000000002,9.588531732559204,2.6,3
AUC,2,aligned,1,209,CARE,native,CARE_native,0,immutable_changed:Test_1,15.295000000000002,9.421348571777344,2.609,3
AUC,2,aligned,1,209,CARE,bounded,CARE_bounded,0,below_policy_threshold,14.525,9.421348571777344,2.62,3
AUC,2,aligned,1,209,CARE,bounded+edit,CARE_bounded+edit,0,below_policy_threshold,14.525,9.421348571777344,2.62,3
AUC,2,aligned,1,236,CARE,native,CARE_native,0,immutable_changed:Test_1,15.5,9.42631483078003,2.68,3
AUC,2,aligned,1,236,CARE,bounded,CARE_bounded,1,OK,15.04,9.42631483078003,2.608,3
AUC,2,aligned,1,236,CARE,bounded+edit,CARE_bounded+edit,1,OK,15.04,9.42631483078003,2.608,3
AUC,2,aligned,1,250,CARE,native,CARE_native,0,immutable_changed:Test_1,15.1975,9.712684631347656,2.7858201663201663,4
AUC,2,aligned,1,250,CARE,bounded,CARE_bounded,0,below_policy_threshold,14.892499999999998,9.712684631347656,2.768705065205065,4
AUC,2,aligned,1,250,CARE,bounded+edit,CARE_bounded+edit,0,below_policy_threshold,14.892499999999998,9.712684631347656,2.768705065205065,4
AUC,2,aligned,1,288,CARE,native,CARE_native,0,immutable_changed:sum_click,15.4325,9.461683750152588,2.6365,3
AUC,2,aligned,1,288,CARE,bounded,CARE_bounded,0,below_policy_threshold,11.17,9.461683750152588,1.7839999999999998,2
AUC,2,aligned,1,288,CARE,bounded+edit,CARE_bounded+edit,1,OK,15.05888888888889,9.461683750152588,2.561777777777778,3
AUC,2,aligned,1,293,CARE,native,CARE_native,1,OK,15.1,9.74040150642395,2.57,3
AUC,2,aligned,1,293,CARE,bounded,CARE_bounded,1,OK,15.3825,9.74040150642395,2.6265,3
AUC,2,aligned,1,293,CARE,bounded+edit,CARE_bounded+edit,1,OK,15.3825,9.74040150642395,2.6265,3
AUC,2,aligned,1,388,CARE,native,CARE_native,1,OK,15.3425,9.653441667556764,2.8102844555741053,4
AUC,2,aligned,1,388,CARE,bounded,CARE_bounded,1,OK,15.325,9.653441667556764,3.0256677796327214,4
AUC,2,aligned,1,388,CARE,bounded+edit,CARE_bounded+edit,1,OK,15.325,9.653441667556764,3.0256677796327214,4
AUC,2,aligned,1,389,CARE,native,CARE_native,1,OK,15.0575,9.780625343322754,2.5615,3
AUC,2,aligned,1,389,CARE,bounded,CARE_bounded,1,OK,15.1825,9.780625343322754,2.5865,3
AUC,2,aligned,1,389,CARE,bounded+edit,CARE_bounded+edit,1,OK,15.1825,9.780625343322754,2.5865,3
AUC,2,aligned,1,419,CARE,native,CARE_native,1,OK,15.3275,9.389755725860596,2.6155,3
AUC,2,aligned,1,419,CARE,bounded,CARE_bounded,1,OK,15.315,9.389755725860596,2.613,3
AUC,2,aligned,1,419,CARE,bounded+edit,CARE_bounded+edit,1,OK,15.315,9.389755725860596,2.613,3
AUC,2,aligned,1,423,CARE,native,CARE_native,0,immutable_changed:Test_1,15.1375,9.316869974136353,2.5792980009298003,4
AUC,2,aligned,1,423,CARE,bounded,CARE_bounded,0,below_policy_threshold,14.93,9.316869974136353,2.5952980009298003,4
AUC,2,aligned,1,423,CARE,bounded+edit,CARE_bounded+edit,0,below_policy_threshold,14.93,9.316869974136353,2.5952980009298003,4
AUC,2,aligned,1,428,CARE,native,CARE_native,1,OK,15.1,9.452426671981812,2.57,3
AUC,2,aligned,1,428,CARE,bounded,CARE_bounded,1,OK,15.3425,9.452426671981812,2.6185,3
AUC,2,aligned,1,428,CARE,bounded+edit,CARE_bounded+edit,1,OK,15.3425,9.452426671981812,2.6185,3
AUC,2,aligned,1,431,CARE,native,CARE_native,1,OK,15.2,9.26818871498108,2.59,3
AUC,2,aligned,1,431,CARE,bounded,CARE_bounded,1,OK,15.2925,9.26818871498108,2.6085000000000003,3
AUC,2,aligned,1,431,CARE,bounded+edit,CARE_bounded+edit,1,OK,15.2925,9.26818871498108,2.6085000000000003,3
AUC,2,aligned,1,447,CARE,native,CARE_native,0,immutable_changed:Test_1,15.0925,9.395614385604858,2.731905719200173,4
AUC,2,aligned,1,447,CARE,bounded,CARE_bounded,0,below_policy_threshold,14.94,9.395614385604858,2.6646018060632124,4
AUC,2,aligned,1,447,CARE,bounded+edit,CARE_bounded+edit,0,below_policy_threshold,14.94,9.395614385604858,2.6646018060632124,4
AUC,2,aligned,1,451,CARE,native,CARE_native,0,immutable_changed:sum_click,15.375,9.496570587158203,2.63,3
AUC,2,aligned,1,451,CARE,bounded,CARE_bounded,1,OK,15.0375,9.496570587158203,2.5625,3
AUC,2,aligned,1,451,CARE,bounded+edit,CARE_bounded+edit,1,OK,15.0375,9.496570587158203,2.5625,3
AUC,2,aligned,1,479,CARE,native,CARE_native,0,immutable_changed:Test_1,15.5725,9.38668942451477,2.6645,3
AUC,2,aligned,1,479,CARE,bounded,CARE_bounded,0,below_policy_threshold,14.9375,9.38668942451477,2.6375,3
AUC,2,aligned,1,479,CARE,bounded+edit,CARE_bounded+edit,0,below_policy_threshold,14.9375,9.38668942451477,2.6375,3
AUC,2,aligned,1,481,CARE,native,CARE_native,0,immutable_changed:Test_1,15.19,9.531369686126707,2.6,3
AUC,2,aligned,1,481,CARE,bounded,CARE_bounded,0,below_policy_threshold,14.8775,9.531369686126707,2.5855,3
AUC,2,aligned,1,481,CARE,bounded+edit,CARE_bounded+edit,0,below_policy_threshold,14.8775,9.531369686126707,2.5855,3
AUC,2,aligned,1,489,CARE,native,CARE_native,0,out_of_bounds:sum_click;immutable_changed:Test_1,15.1625,9.701558828353882,2.6699817221770923,4
AUC,2,aligned,1,489,CARE,bounded,CARE_bounded,0,below_policy_threshold,14.95,9.701558828353882,2.5900000000000003,3
AUC,2,aligned,1,489,CARE,bounded+edit,CARE_bounded+edit,0,below_policy_threshold,14.95,9.701558828353882,2.5900000000000003,3
AUC,2,aligned,1,500,CARE,native,CARE_native,0,immutable_changed:Test_1,15.1975,10.137052059173584,2.6,3
AUC,2,aligned,1,500,CARE,bounded,CARE_bounded,1,OK,15.05,10.137052059173584,2.61,3
AUC,2,aligned,1,500,CARE,bounded+edit,CARE_bounded+edit,1,OK,15.05,10.137052059173584,2.61,3
AUC,2,aligned,1,530,CARE,native,CARE_native,0,out_of_bounds:sum_click,15.177499999999998,10.03847861289978,5.348509320905463,4
AUC,2,aligned,1,530,CARE,bounded,CARE_bounded,1,OK,15.125,10.03847861289978,2.595,3
AUC,2,aligned,1,530,CARE,bounded+edit,CARE_bounded+edit,1,OK,15.125,10.03847861289978,2.595,3
AUC,2,aligned,1,537,CARE,native,CARE_native,1,OK,15.6325,9.42059874534607,2.6715,3
AUC,2,aligned,1,537,CARE,bounded,CARE_bounded,1,OK,15.31,9.42059874534607,2.607,3
AUC,2,aligned,1,537,CARE,bounded+edit,CARE_bounded+edit,1,OK,15.31,9.42059874534607,2.607,3
AUC,2,aligned,1,576,CARE,native,CARE_native,0,immutable_changed:Test_1,15.4325,9.957162141799929,2.64,3
AUC,2,aligned,1,576,CARE,bounded,CARE_bounded,0,below_policy_threshold,14.775,9.957162141799929,2.6049999999999995,3
AUC,2,aligned,1,576,CARE,bounded+edit,CARE_bounded+edit,0,below_policy_threshold,14.775,9.957162141799929,2.6049999999999995,3
AUC,2,aligned,1,596,CARE,native,CARE_native,0,immutable_changed:Test_1,15.2075,9.748106002807615,2.592,3
AUC,2,aligned,1,596,CARE,bounded,CARE_bounded,1,OK,15.255,9.748106002807615,2.601,3
AUC,2,aligned,1,596,CARE,bounded+edit,CARE_bounded+edit,1,OK,15.255,9.748106002807615,2.601,3
AUC,2,aligned,1,598,CARE,native,CARE_native,1,OK,15.05,9.611935377120972,2.56,3
AUC,2,aligned,1,598,CARE,bounded,CARE_bounded,1,OK,15.2525,9.611935377120972,2.6005,3
AUC,2,aligned,1,598,CARE,bounded+edit,CARE_bounded+edit,1,OK,15.2525,9.611935377120972,2.6005,3
AUC,2,aligned,1,606,CARE,native,CARE_native,0,immutable_changed:Test_1,15.1125,9.442873001098633,2.6064978627404423,4
AUC,2,aligned,1,606,CARE,bounded,CARE_bounded,1,OK,15.1725,9.442873001098633,2.6045000000000003,3
AUC,2,aligned,1,606,CARE,bounded+edit,CARE_bounded+edit,1,OK,15.1725,9.442873001098633,2.6045000000000003,3
AUC,2,aligned,1,626,CARE,native,CARE_native,1,OK,15.2425,9.80962061882019,2.652287539220081,4
AUC,2,aligned,1,626,CARE,bounded,CARE_bounded,1,OK,15.1525,9.80962061882019,2.685833930972658,4
AUC,2,aligned,1,626,CARE,bounded+edit,CARE_bounded+edit,1,OK,15.1525,9.80962061882019,2.685833930972658,4
AUC,2,aligned,1,660,CARE,native,CARE_native,1,OK,15.44,9.586622714996338,2.643,3
AUC,2,aligned,1,660,CARE,bounded,CARE_bounded,1,OK,15.1725,9.586622714996338,2.5895,3
AUC,2,aligned,1,660,CARE,bounded+edit,CARE_bounded+edit,1,OK,15.1725,9.586622714996338,2.5895,3
AUC,2,aligned,1,668,CARE,native,CARE_native,0,immutable_changed:Test_1,15.25,9.69676947593689,2.6,3
AUC,2,aligned,1,668,CARE,bounded,CARE_bounded,0,below_policy_threshold,14.9625,9.69676947593689,2.6175,3
AUC,2,aligned,1,668,CARE,bounded+edit,CARE_bounded+edit,0,below_policy_threshold,14.9625,9.69676947593689,2.6175,3
AUC,2,aligned,2,30,CARE,native,CARE_native,0,immutable_changed:Test_1;immutable_changed:Test_2,15.5,9.370066165924072,1.755,2
AUC,2,aligned,2,30,CARE,bounded,CARE_bounded,0,below_policy_threshold,14.87,9.370066165924072,1.824,2
AUC,2,aligned,2,30,CARE,bounded+edit,CARE_bounded+edit,0,below_policy_threshold,14.87,9.370066165924072,1.824,2
AUC,2,aligned,2,62,CARE,native,CARE_native,0,out_of_bounds:sum_click;immutable_changed:Test_2,15.2525,9.373742818832396,3.4315274949083534,3
AUC,2,aligned,2,62,CARE,bounded,CARE_bounded,0,below_policy_threshold,14.925,9.373742818832396,1.725,2
AUC,2,aligned,2,62,CARE,bounded+edit,CARE_bounded+edit,0,below_policy_threshold,14.925,9.373742818832396,1.725,2
AUC,2,aligned,2,67,CARE,native,CARE_native,1,OK,15.275,9.47279953956604,1.7799999999999998,2
AUC,2,aligned,2,67,CARE,bounded,CARE_bounded,1,OK,15.2425,9.47279953956604,1.7735,2
AUC,2,aligned,2,67,CARE,bounded+edit,CARE_bounded+edit,1,OK,15.2425,9.47279953956604,1.7735,2
AUC,2,aligned,2,72,CARE,native,CARE_native,0,out_of_bounds:sum_click;immutable_changed:Test_1;immutable_changed:Test_2,15.0875,10.36282205581665,1.7549063670411986,3
AUC,2,aligned,2,72,CARE,bounded,CARE_bounded,1,OK,15.5,10.36282205581665,1.9467646211466436,3
AUC,2,aligned,2,72,CARE,bounded+edit,CARE_bounded+edit,1,OK,15.5,10.36282205581665,1.9467646211466436,3
AUC,2,aligned,2,80,CARE,native,CARE_native,0,immutable_changed:Test_1;immutable_changed:Test_2,15.2475,9.662339925765991,1.7875,2
AUC,2,aligned,2,80,CARE,bounded,CARE_bounded,0,below_policy_threshold,14.565,9.662339925765991,1.823,2
AUC,2,aligned,2,80,CARE,bounded+edit,CARE_bounded+edit,0,below_policy_threshold,14.565,9.662339925765991,1.823,2
AUC,2,aligned,2,128,CARE,native,CARE_native,0,immutable_changed:Test_2,15.6075,9.329782724380491,1.8,2
AUC,2,aligned,2,128,CARE,bounded,CARE_bounded,0,below_policy_threshold,11.08,9.329782724380491,1.766,2
AUC,2,aligned,2,128,CARE,bounded+edit,CARE_bounded+edit,0,below_policy_threshold,11.08,9.329782724380491,1.766,2
AUC,2,aligned,2,141,CARE,native,CARE_native,0,immutable_changed:Test_1;immutable_changed:Test_2,15.2,9.756510496139526,1.702,2
AUC,2,aligned,2,141,CARE,bounded,CARE_bounded,1,OK,15.25,9.756510496139526,2.243134698944755,3
AUC,2,aligned,2,141,CARE,bounded+edit,CARE_bounded+edit,1,OK,15.25,9.756510496139526,2.243134698944755,3
AUC,2,aligned,2,152,CARE,native,CARE_native,0,immutable_changed:Test_1,15.419999999999998,9.57083535194397,1.735,2
AUC,2,aligned,2,152,CARE,bounded,CARE_bounded,1,OK,15.1325,9.57083535194397,1.7784043151969982,3
AUC,2,aligned,2,152,CARE,bounded+edit,CARE_bounded+edit,1,OK,15.1325,9.57083535194397,1.7784043151969982,3
AUC,2,aligned,2,176,CARE,native,CARE_native,0,immutable_changed:Test_1;immutable_changed:Test_2,15.395,9.690350532531738,1.966031573217202,3
AUC,2,aligned,2,176,CARE,bounded,CARE_bounded,0,below_policy_threshold,11.0,9.690350532531738,1.86,2
AUC,2,aligned,2,176,CARE,bounded+edit,CARE_bounded+edit,0,below_policy_threshold,11.0,9.690350532531738,1.86,2
AUC,2,aligned,2,183,CARE,native,CARE_native,0,immutable_changed:Test_2,15.2125,10.043090343475342,1.7375,2
AUC,2,aligned,2,183,CARE,bounded,CARE_bounded,0,below_policy_threshold,14.7075,10.043090343475342,1.7965,2
AUC,2,aligned,2,183,CARE,bounded+edit,CARE_bounded+edit,0,below_policy_threshold,14.7075,10.043090343475342,1.7965,2
AUC,2,aligned,2,203,CARE,native,CARE_native,0,immutable_changed:Test_1,15.4475,9.79047465324402,1.745,2
AUC,2,aligned,2,203,CARE,bounded,CARE_bounded,0,below_policy_threshold,14.9125,9.79047465324402,1.7175,2
AUC,2,aligned,2,203,CARE,bounded+edit,CARE_bounded+edit,0,below_policy_threshold,14.9125,9.79047465324402,1.7175,2
AUC,2,aligned,2,204,CARE,native,CARE_native,0,out_of_bounds:sum_click;immutable_changed:Test_1;immutable_changed:Test_2,15.15,9.513614892959597,2.7778140454995057,3
AUC,2,aligned,2,204,CARE,bounded,CARE_bounded,0,below_policy_threshold,14.875000000000002,9.513614892959597,1.845,2
AUC,2,aligned,2,204,CARE,bounded+edit,CARE_bounded+edit,0,below_policy_threshold,14.875000000000002,9.513614892959597,1.845,2
AUC,2,aligned,2,205,CARE,native,CARE_native,0,immutable_changed:Test_2,15.2625,9.552944898605348,1.6695000000000002,2
AUC,2,aligned,2,205,CARE,bounded,CARE_bounded,1,OK,15.375,9.552944898605348,1.7796710357234646,3
AUC,2,aligned,2,205,CARE,bounded+edit,CARE_bounded+edit,1,OK,15.375,9.552944898605348,1.7796710357234646,3
AUC,2,aligned,2,209,CARE,native,CARE_native,0,immutable_changed:Test_1;immutable_changed:Test_2,15.13,9.400022983551024,1.686,2
AUC,2,aligned,2,209,CARE,bounded,CARE_bounded,0,below_policy_threshold,13.73,9.400022983551024,1.861,2
AUC,2,aligned,2,209,CARE,bounded+edit,CARE_bounded+edit,0,below_policy_threshold,13.73,9.400022983551024,1.861,2
AUC,2,aligned,2,221,CARE,native,CARE_native,0,immutable_changed:Test_1;immutable_changed:Test_2,15.6475,9.355981826782228,1.9103369434416368,3
AUC,2,aligned,2,221,CARE,bounded,CARE_bounded,0,below_policy_threshold,14.875,9.355981826782228,1.805,2
AUC,2,aligned,2,221,CARE,bounded+edit,CARE_bounded+edit,0,below_policy_threshold,14.875,9.355981826782228,1.805,2
AUC,2,aligned,2,231,CARE,native,CARE_native,0,immutable_changed:Test_2,15.6975,9.420780420303345,1.7399999999999998,2
AUC,2,aligned,2,231,CARE,bounded,CARE_bounded,0,immutable_changed:Test_2,15.415,9.420780420303345,1.7000000000000002,2
AUC,2,aligned,2,231,CARE,bounded+edit,CARE_bounded+edit,0,immutable_changed:Test_2,15.415,9.420780420303345,1.7000000000000002,2
AUC,2,aligned,2,236,CARE,native,CARE_native,0,immutable_changed:Test_1;immutable_changed:Test_2,15.125,9.345175981521606,1.75,2
AUC,2,aligned,2,236,CARE,bounded,CARE_bounded,0,below_policy_threshold,14.925,9.345175981521606,1.785,2
AUC,2,aligned,2,236,CARE,bounded+edit,CARE_bounded+edit,0,below_policy_threshold,14.925,9.345175981521606,1.785,2
AUC,2,aligned,2,293,CARE,native,CARE_native,1,OK,15.4,9.625199794769289,1.75,2
AUC,2,aligned,2,293,CARE,bounded,CARE_bounded,1,OK,15.1875,9.625199794769289,1.7075,2
AUC,2,aligned,2,293,CARE,bounded+edit,CARE_bounded+edit,1,OK,15.1875,9.625199794769289,1.7075,2
AUC,2,aligned,2,307,CARE,native,CARE_native,0,immutable_changed:Test_2,15.18,9.45806360244751,1.7657346889373036,3
AUC,2,aligned,2,307,CARE,bounded,CARE_bounded,1,OK,15.25,9.45806360244751,1.925,2
AUC,2,aligned,2,307,CARE,bounded+edit,CARE_bounded+edit,1,OK,15.25,9.45806360244751,1.925,2
AUC,2,aligned,2,335,CARE,native,CARE_native,0,immutable_changed:Test_1,15.3,9.519126415252686,1.77,2
AUC,2,aligned,2,335,CARE,bounded,CARE_bounded,1,OK,15.15,9.519126415252686,1.77,2
AUC,2,aligned,2,335,CARE,bounded+edit,CARE_bounded+edit,1,OK,15.15,9.519126415252686,1.77,2
AUC,2,aligned,2,340,CARE,native,CARE_native,0,immutable_changed:Test_2,15.495,9.475871562957764,1.75,2
AUC,2,aligned,2,340,CARE,bounded,CARE_bounded,1,OK,15.625,9.475871562957764,1.8,2
AUC,2,aligned,2,340,CARE,bounded+edit,CARE_bounded+edit,1,OK,15.625,9.475871562957764,1.8,2
AUC,2,aligned,2,345,CARE,native,CARE_native,0,immutable_changed:Test_1;immutable_changed:Test_2,15.15,9.7627592086792,1.896757790097496,3
AUC,2,aligned,2,345,CARE,bounded,CARE_bounded,0,below_policy_threshold,14.3,9.7627592086792,1.86,2
AUC,2,aligned,2,345,CARE,bounded+edit,CARE_bounded+edit,0,below_policy_threshold,14.3,9.7627592086792,1.86,2
AUC,2,aligned,2,428,CARE,native,CARE_native,0,immutable_changed:Test_2,15.05,9.4871666431427,1.66,2
AUC,2,aligned,2,428,CARE,bounded,CARE_bounded,1,OK,15.36,9.4871666431427,1.7720000000000002,2
AUC,2,aligned,2,428,CARE,bounded+edit,CARE_bounded+edit,1,OK,15.36,9.4871666431427,1.7720000000000002,2
AUC,2,aligned,2,430,CARE,native,CARE_native,0,immutable_changed:Test_2,15.125,9.748485326766968,1.6949999999999998,2
AUC,2,aligned,2,430,CARE,bounded,CARE_bounded,1,OK,15.4775,9.748485326766968,1.7955,2
AUC,2,aligned,2,430,CARE,bounded+edit,CARE_bounded+edit,1,OK,15.4775,9.748485326766968,1.7955,2
AUC,2,aligned,2,431,CARE,native,CARE_native,1,OK,15.125,9.578393936157228,1.7,2
AUC,2,aligned,2,431,CARE,bounded,CARE_bounded,1,OK,15.22,9.578393936157228,1.719,2
AUC,2,aligned,2,431,CARE,bounded+edit,CARE_bounded+edit,1,OK,15.22,9.578393936157228,1.719,2
AUC,2,aligned,2,444,CARE,native,CARE_native,0,immutable_changed:Test_1;immutable_changed:Test_2,15.232499999999998,9.341321229934692,1.7815,2
AUC,2,aligned,2,444,CARE,bounded,CARE_bounded,0,below_policy_threshold,10.225,9.341321229934692,1.895,2
AUC,2,aligned,2,444,CARE,bounded+edit,CARE_bounded+edit,0,below_policy_threshold,10.225,9.341321229934692,1.895,2
AUC,2,aligned,2,479,CARE,native,CARE_native,0,immutable_changed:Test_1;immutable_changed:Test_2,15.5175,9.450209856033323,1.7385000000000002,2
AUC,2,aligned,2,479,CARE,bounded,CARE_bounded,0,immutable_changed:Test_2,15.0175,9.450209856033323,1.745,2
AUC,2,aligned,2,479,CARE,bounded+edit,CARE_bounded+edit,0,immutable_changed:Test_2,15.0175,9.450209856033323,1.745,2
AUC,2,aligned,2,481,CARE,native,CARE_native,0,immutable_changed:Test_1;immutable_changed:Test_2,15.4075,9.906261205673218,1.82,2
AUC,2,aligned,2,481,CARE,bounded,CARE_bounded,0,below_policy_threshold,14.85,9.906261205673218,1.9881753722524227,3
AUC,2,aligned,2,481,CARE,bounded+edit,CARE_bounded+edit,0,below_policy_threshold,14.85,9.906261205673218,1.9881753722524227,3
AUC,2,aligned,2,489,CARE,native,CARE_native,0,immutable_changed:Test_1;immutable_changed:Test_2,15.6025,9.944628953933716,1.8245,2
AUC,2,aligned,2,489,CARE,bounded,CARE_bounded,0,below_policy_threshold,14.835,9.944628953933716,1.817,2
AUC,2,aligned,2,489,CARE,bounded+edit,CARE_bounded+edit,0,below_policy_threshold,14.835,9.944628953933716,1.817,2
AUC,2,aligned,2,500,CARE,native,CARE_native,0,immutable_changed:Test_1;immutable_changed:Test_2,15.3325,9.50941562652588,1.7765,2
AUC,2,aligned,2,500,CARE,bounded,CARE_bounded,0,below_policy_threshold,14.9,9.50941562652588,1.83,2
AUC,2,aligned,2,500,CARE,bounded+edit,CARE_bounded+edit,0,below_policy_threshold,14.9,9.50941562652588,1.83,2
AUC,2,aligned,2,520,CARE,native,CARE_native,0,immutable_changed:Test_1;immutable_changed:Test_2,15.19,9.704745531082152,1.748,2
AUC,2,aligned,2,520,CARE,bounded,CARE_bounded,0,below_policy_threshold,10.85,9.704745531082152,1.82,2
AUC,2,aligned,2,520,CARE,bounded+edit,CARE_bounded+edit,0,below_policy_threshold,10.85,9.704745531082152,1.82,2
AUC,2,aligned,2,530,CARE,native,CARE_native,0,out_of_bounds:sum_click;immutable_changed:Test_1;immutable_changed:Test_2,15.235,9.759236812591553,2.8667976031957405,3
AUC,2,aligned,2,530,CARE,bounded,CARE_bounded,1,OK,15.1,9.759236812591553,1.78,2
AUC,2,aligned,2,530,CARE,bounded+edit,CARE_bounded+edit,1,OK,15.1,9.759236812591553,1.78,2
AUC,2,aligned,2,546,CARE,native,CARE_native,0,immutable_changed:Test_1;immutable_changed:Test_2,15.19,9.763774156570436,1.7632056904202558,3
AUC,2,aligned,2,546,CARE,bounded,CARE_bounded,0,below_policy_threshold,14.975,9.763774156570436,1.775,2
AUC,2,aligned,2,546,CARE,bounded+edit,CARE_bounded+edit,0,below_policy_threshold,14.975,9.763774156570436,1.775,2
AUC,2,aligned,2,576,CARE,native,CARE_native,0,immutable_changed:Test_1;immutable_changed:Test_2,15.3325,9.466145038604736,1.73,2
AUC,2,aligned,2,576,CARE,bounded,CARE_bounded,0,below_policy_threshold,14.85,9.466145038604736,1.82,2
AUC,2,aligned,2,576,CARE,bounded+edit,CARE_bounded+edit,0,below_policy_threshold,14.85,9.466145038604736,1.82,2
AUC,2,aligned,2,608,CARE,native,CARE_native,1,OK,15.35,9.530537128448486,1.795,2
AUC,2,aligned,2,608,CARE,bounded,CARE_bounded,1,OK,15.125,9.530537128448486,1.75,2
AUC,2,aligned,2,608,CARE,bounded+edit,CARE_bounded+edit,1,OK,15.125,9.530537128448486,1.75,2
AUC,2,aligned,2,643,CARE,native,CARE_native,0,out_of_bounds:sum_click,15.1525,9.808145523071287,1.8713000858000857,3
AUC,2,aligned,2,643,CARE,bounded,CARE_bounded,1,OK,15.0525,9.808145523071287,1.7654999999999998,2
AUC,2,aligned,2,643,CARE,bounded+edit,CARE_bounded+edit,1,OK,15.0525,9.808145523071287,1.7654999999999998,2
AUC,2,aligned,2,668,CARE,native,CARE_native,0,immutable_changed:Test_1;immutable_changed:Test_2,15.1325,9.480384588241575,1.7499198165958398,3
AUC,2,aligned,2,668,CARE,bounded,CARE_bounded,0,below_policy_threshold,11.175,9.480384588241575,1.86,2
AUC,2,aligned,2,668,CARE,bounded+edit,CARE_bounded+edit,0,below_policy_threshold,11.175,9.480384588241575,1.86,2
AUC,2,aligned,3,30,CARE,native,CARE_native,0,out_of_bounds:sum_click;immutable_changed:Test_1;immutable_changed:Test_2;immutable_changed:Test_3,15.1275,9.598299503326416,1.906036217303824,2
AUC,2,aligned,3,30,CARE,bounded,CARE_bounded,0,below_policy_threshold;immutable_changed:Test_2,14.400000000000002,9.598299503326416,0.86,1
AUC,2,aligned,3,30,CARE,bounded+edit,CARE_bounded+edit,0,below_policy_threshold;immutable_changed:Test_2,14.400000000000002,9.598299503326416,0.86,1
AUC,2,aligned,3,62,CARE,native,CARE_native,0,out_of_bounds:sum_click;immutable_changed:Test_2,15.7575,10.02342176437378,1.5517311608961315,2
AUC,2,aligned,3,62,CARE,bounded,CARE_bounded,1,OK,15.025,10.02342176437378,0.845,1
AUC,2,aligned,3,62,CARE,bounded+edit,CARE_bounded+edit,1,OK,15.025,10.02342176437378,0.845,1
AUC,2,aligned,3,72,CARE,native,CARE_native,0,immutable_changed:Test_1,15.265,9.860133409500122,0.8099999999999999,1
AUC,2,aligned,3,72,CARE,bounded,CARE_bounded,1,OK,15.750000000000002,9.860133409500122,1.0265139729184674,2
AUC,2,aligned,3,72,CARE,bounded+edit,CARE_bounded+edit,1,OK,15.750000000000002,9.860133409500122,1.0265139729184674,2
AUC,2,aligned,3,80,CARE,native,CARE_native,0,immutable_changed:Test_1;immutable_changed:Test_2;immutable_changed:Test_3,15.18,10.076987028121948,0.846057065827904,2
AUC,2,aligned,3,80,CARE,bounded,CARE_bounded,0,below_policy_threshold;immutable_changed:Test_3,14.5,10.076987028121948,0.8699999999999999,1
AUC,2,aligned,3,80,CARE,bounded+edit,CARE_bounded+edit,0,below_policy_threshold;immutable_changed:Test_3,14.5,10.076987028121948,0.8699999999999999,1
AUC,2,aligned,3,89,CARE,native,CARE_native,0,immutable_changed:Test_1;immutable_changed:Test_2;immutable_changed:Test_3,15.175,10.204039812088013,1.0251885048974312,2
AUC,2,aligned,3,89,CARE,bounded,CARE_bounded,0,below_policy_threshold;immutable_changed:Test_2,11.165,10.204039812088013,0.92,1
AUC,2,aligned,3,89,CARE,bounded+edit,CARE_bounded+edit,0,below_policy_threshold;immutable_changed:Test_2,11.165,10.204039812088013,0.92,1
AUC,2,aligned,3,141,CARE,native,CARE_native,0,immutable_changed:Test_1;immutable_changed:Test_2,15.1225,9.5813627243042,0.8,1
AUC,2,aligned,3,141,CARE,bounded,CARE_bounded,1,OK,15.45,9.5813627243042,0.95,1
AUC,2,aligned,3,141,CARE,bounded+edit,CARE_bounded+edit,1,OK,15.45,9.5813627243042,0.95,1
AUC,2,aligned,3,183,CARE,native,CARE_native,0,immutable_changed:Test_2,15.225,9.4902606010437,0.79,1
AUC,2,aligned,3,183,CARE,bounded,CARE_bounded,0,below_policy_threshold,14.65,9.4902606010437,0.9062145319543888,2
AUC,2,aligned,3,183,CARE,bounded+edit,CARE_bounded+edit,0,below_policy_threshold,14.65,9.4902606010437,0.9062145319543888,2
AUC,2,aligned,3,231,CARE,native,CARE_native,0,out_of_bounds:sum_click;immutable_changed:Test_2;immutable_changed:Test_3,15.394999999999998,9.48805856704712,0.8520606237248615,2
AUC,2,aligned,3,231,CARE,bounded,CARE_bounded,0,below_policy_threshold;immutable_changed:Test_3,11.0225,9.48805856704712,0.875,1
AUC,2,aligned,3,231,CARE,bounded+edit,CARE_bounded+edit,0,below_policy_threshold;immutable_changed:Test_3,11.0225,9.48805856704712,0.875,1
AUC,2,aligned,3,246,CARE,native,CARE_native,0,immutable_changed:Test_3,15.3575,9.441731214523315,0.85,1
AUC,2,aligned,3,246,CARE,bounded,CARE_bounded,1,OK,15.5,9.441731214523315,0.885,1
AUC,2,aligned,3,246,CARE,bounded+edit,CARE_bounded+edit,1,OK,15.5,9.441731214523315,0.885,1
AUC,2,aligned,3,335,CARE,native,CARE_native,0,immutable_changed:Test_1;immutable_changed:Test_3,15.225,10.029197216033936,0.85,1
AUC,2,aligned,3,335,CARE,bounded,CARE_bounded,1,OK,15.05,10.029197216033936,0.98156388128815,2
AUC,2,aligned,3,335,CARE,bounded+edit,CARE_bounded+edit,1,OK,15.05,10.029197216033936,0.98156388128815,2
AUC,2,aligned,3,347,CARE,native,CARE_native,0,immutable_changed:Test_1;immutable_changed:Test_2;immutable_changed:Test_3,15.2,9.964266777038574,0.8,1
AUC,2,aligned,3,347,CARE,bounded,CARE_bounded,0,immutable_changed:Test_2,15.0325,9.964266777038574,0.9101445202729826,2
AUC,2,aligned,3,347,CARE,bounded+edit,CARE_bounded+edit,0,immutable_changed:Test_2,15.0325,9.964266777038574,0.9101445202729826,2
AUC,2,aligned,3,369,CARE,native,CARE_native,0,immutable_changed:Test_1;immutable_changed:Test_3,15.16,9.752119541168211,0.875,1
AUC,2,aligned,3,369,CARE,bounded,CARE_bounded,0,immutable_changed:Test_3,15.3,9.752119541168211,0.86,1
AUC,2,aligned,3,369,CARE,bounded+edit,CARE_bounded+edit,0,immutable_changed:Test_3,15.3,9.752119541168211,0.86,1
AUC,2,aligned,3,395,CARE,native,CARE_native,0,out_of_bounds:sum_click;immutable_changed:Test_1,15.425,10.209118366241457,1.187494495816821,2
AUC,2,aligned,3,395,CARE,bounded,CARE_bounded,1,OK,15.6,10.209118366241457,0.85,1
AUC,2,aligned,3,395,CARE,bounded+edit,CARE_bounded+edit,1,OK,15.6,10.209118366241457,0.85,1
AUC,2,aligned,3,403,CARE,native,CARE_native,0,out_of_bounds:sum_click;immutable_changed:Test_1;immutable_changed:Test_2;immutable_changed:Test_3,15.4625,9.390681982040403,1.1337170056252706,2
AUC,2,aligned,3,403,CARE,bounded,CARE_bounded,0,below_policy_threshold;immutable_changed:Test_3,11.0825,9.390681982040403,0.9,1
AUC,2,aligned,3,403,CARE,bounded+edit,CARE_bounded+edit,0,below_policy_threshold;immutable_changed:Test_3,11.0825,9.390681982040403,0.9,1
AUC,2,aligned,3,414,CARE,native,CARE_native,0,immutable_changed:Test_1;immutable_changed:Test_2;immutable_changed:Test_3,15.1375,9.516838550567629,0.85,1
AUC,2,aligned,3,414,CARE,bounded,CARE_bounded,0,below_policy_threshold;immutable_changed:Test_2,15.0,9.516838550567629,0.9960133583802964,2
AUC,2,aligned,3,414,CARE,bounded+edit,CARE_bounded+edit,0,below_policy_threshold;immutable_changed:Test_2,15.0,9.516838550567629,0.9960133583802964,2
AUC,2,aligned,3,430,CARE,native,CARE_native,0,immutable_changed:Test_2;immutable_changed:Test_3,15.2125,9.3689603805542,0.8,1
AUC,2,aligned,3,430,CARE,bounded,CARE_bounded,0,immutable_changed:Test_3,15.475,9.3689603805542,0.8949999999999999,1
AUC,2,aligned,3,430,CARE,bounded+edit,CARE_bounded+edit,0,immutable_changed:Test_3,15.475,9.3689603805542,0.8949999999999999,1
AUC,2,aligned,3,439,CARE,native,CARE_native,0,immutable_changed:Test_1;immutable_changed:Test_2;immutable_changed:Test_3,15.275,9.787724018096924,0.795,1
AUC,2,aligned,3,439,CARE,bounded,CARE_bounded,0,below_policy_threshold;immutable_changed:Test_2,14.875,9.787724018096924,0.885,1
AUC,2,aligned,3,439,CARE,bounded+edit,CARE_bounded+edit,0,below_policy_threshold;immutable_changed:Test_2,14.875,9.787724018096924,0.885,1
AUC,2,aligned,3,447,CARE,native,CARE_native,0,immutable_changed:Test_1;immutable_changed:Test_2;immutable_changed:Test_3,15.2025,9.321138143539429,0.8400000000000001,1
AUC,2,aligned,3,447,CARE,bounded,CARE_bounded,0,below_policy_threshold;immutable_changed:Test_3,14.915,9.321138143539429,0.845,1
AUC,2,aligned,3,447,CARE,bounded+edit,CARE_bounded+edit,0,below_policy_threshold;immutable_changed:Test_3,14.915,9.321138143539429,0.845,1
AUC,2,aligned,3,463,CARE,native,CARE_native,0,immutable_changed:Test_1;immutable_changed:Test_2,15.3,9.192533016204834,0.79,1
AUC,2,aligned,3,463,CARE,bounded,CARE_bounded,1,OK,15.1,9.192533016204834,0.82,1
AUC,2,aligned,3,463,CARE,bounded+edit,CARE_bounded+edit,1,OK,15.1,9.192533016204834,0.82,1
AUC,2,aligned,3,479,CARE,native,CARE_native,0,immutable_changed:Test_1;immutable_changed:Test_2;immutable_changed:Test_3,15.465,9.801070928573608,0.9757120408564132,2
AUC,2,aligned,3,479,CARE,bounded,CARE_bounded,0,below_policy_threshold;immutable_changed:Test_2,10.85,9.801070928573608,0.92,1
AUC,2,aligned,3,479,CARE,bounded+edit,CARE_bounded+edit,0,below_policy_threshold;immutable_changed:Test_2,10.85,9.801070928573608,0.92,1
AUC,2,aligned,3,500,CARE,native,CARE_native,0,immutable_changed:Test_1;immutable_changed:Test_2,15.3275,9.479297399520874,0.85,1
AUC,2,aligned,3,500,CARE,bounded,CARE_bounded,0,below_policy_threshold,14.9,9.479297399520874,0.93,1
AUC,2,aligned,3,500,CARE,bounded+edit,CARE_bounded+edit,0,below_policy_threshold,14.9,9.479297399520874,0.93,1
AUC,2,aligned,3,520,CARE,native,CARE_native,0,immutable_changed:Test_1;immutable_changed:Test_2;immutable_changed:Test_3,15.225,9.735254526138306,0.8400000000000001,1
AUC,2,aligned,3,520,CARE,bounded,CARE_bounded,0,below_policy_threshold;immutable_changed:Test_2,10.9325,9.735254526138306,0.9,1
AUC,2,aligned,3,520,CARE,bounded+edit,CARE_bounded+edit,0,below_policy_threshold;immutable_changed:Test_2,10.9325,9.735254526138306,0.9,1
AUC,2,aligned,3,537,CARE,native,CARE_native,0,immutable_changed:Test_2;immutable_changed:Test_3,15.115,9.27539849281311,0.8,1
AUC,2,aligned,3,537,CARE,bounded,CARE_bounded,0,below_policy_threshold;immutable_changed:Test_2,14.544999999999998,9.27539849281311,0.8400000000000001,1
AUC,2,aligned,3,537,CARE,bounded+edit,CARE_bounded+edit,0,below_policy_threshold;immutable_changed:Test_2,14.544999999999998,9.27539849281311,0.8400000000000001,1
AUC,2,aligned,3,599,CARE,native,CARE_native,0,immutable_changed:Test_1,15.105,9.29864764213562,0.86,1
AUC,2,aligned,3,599,CARE,bounded,CARE_bounded,1,OK,15.025,9.29864764213562,0.85,1
AUC,2,aligned,3,599,CARE,bounded+edit,CARE_bounded+edit,1,OK,15.025,9.29864764213562,0.85,1
AUC,2,aligned,3,643,CARE,native,CARE_native,0,immutable_changed:Test_1;immutable_changed:Test_3,15.2475,9.760250329971312,0.85,1
AUC,2,aligned,3,643,CARE,bounded,CARE_bounded,1,OK,15.175,9.760250329971312,0.8300000000000001,1
AUC,2,aligned,3,643,CARE,bounded+edit,CARE_bounded+edit,1,OK,15.175,9.760250329971312,0.8300000000000001,1
AUC,2,aligned,3,668,CARE,native,CARE_native,0,immutable_changed:Test_1;immutable_changed:Test_2;immutable_changed:Test_3,15.13,9.79902696609497,0.8300000000000001,1
AUC,2,aligned,3,668,CARE,bounded,CARE_bounded,0,below_policy_threshold;immutable_changed:Test_2,11.25,9.79902696609497,0.885,1
AUC,2,aligned,3,668,CARE,bounded+edit,CARE_bounded+edit,0,below_policy_threshold;immutable_changed:Test_2,11.25,9.79902696609497,0.885,1
