dataset,seed,regime,stage,query,method,variant,condition,accepted,reasons,policy_score,seconds,effort,sparsity,vector
OULAD,0,aligned,1,708,CARE,native,CARE_native,0,below_policy_threshold;immutable_changed:Test_1,32.469,16.1578950881958,1.2346727272727271,3,"{""Test_1"": 3.05, ""Test_2"": 6.12, ""Test_3"": 10.44, ""Test_4"": 0.0, ""Test_5"": 12.859, ""Test_6"": 0.0, ""sum_click"": 2.99187, ""mod_AAA"": 0.0, ""mod_BBB"": 1.0, ""mod_EEE"": 0.0, ""mod_FFF"": 0.0}"
OULAD,0,aligned,1,708,CARE,bounded,CARE_bounded,0,below_policy_threshold,35.625,16.1578950881958,1.2554361839974084,3,"{""Test_1"": 2.65, ""Test_2"": 11.369, ""Test_3"": 0.0, ""Test_4"": 11.166, ""Test_5"": 10.44, ""Test_6"": 0.0, ""sum_click"": 2.99187, ""mod_AAA"": 0.0, ""mod_BBB"": 1.0, ""mod_EEE"": 0.0, ""mod_FFF"": 0.0}"
OULAD,0,aligned,1,708,CARE,bounded+edit,CARE_bounded+edit,1,OK,40.025,16.1578950881958,1.4776584062196307,4,"{""Test_1"": 2.65, ""Test_2"": 11.369, ""Test_3"": 4.4, ""Test_4"": 11.166, ""Test_5"": 10.44, ""Test_6"": 0.0, ""sum_click"": 2.99187, ""mod_AAA"": 0.0, ""mod_BBB"": 1.0, ""mod_EEE"": 0.0, ""mod_FFF"": 0.0}"
OULAD,0,aligned,1,1590,CARE,native,CARE_native,0,below_policy_threshold;immutable_changed:Test_1,30.21,13.12595009803772,1.2284675324675325,3,"{""Test_1"": 2.4, ""Test_2"": 7.74, ""Test_3"": 10.26, ""Test_4"": 0.0, ""Test_5"": 9.81, ""Test_6"": 0.0, ""sum_click"": 2.441558, ""mod_AAA"": 0.0, ""mod_BBB"": 1.0, ""mod_EEE"": 0.0, ""mod_FFF"": 0.0}"
OULAD,0,aligned,1,1590,CARE,bounded,CARE_bounded,0,below_policy_threshold,30.99,13.12595009803772,1.248205143448966,4,"{""Test_1"": 2.55, ""Test_2"": 10.98, ""Test_3"": 5.76, ""Test_4"": 0.0, ""Test_5"": 11.7, ""Test_6"": 0.0, ""sum_click"": 2.471888, ""mod_AAA"": 0.0, ""mod_BBB"": 1.0, ""mod_EEE"": 0.0, ""mod_FFF"": 0.0}"
OULAD,0,aligned,1,1590,CARE,bounded+edit,CARE_bounded+edit,1,OK,42.42333333333333,13.12595009803772,1.5815384767822995,5,"{""Test_1"": 2.55, ""Test_2"": 10.98, ""Test_3"": 5.76, ""Test_4"": 11.433333, ""Test_5"": 11.7, ""Test_6"": 0.0, ""sum_click"": 2.471888, ""mod_AAA"": 0.0, ""mod_BBB"": 1.0, ""mod_EEE"": 0.0, ""mod_FFF"": 0.0}"
OULAD,0,aligned,1,2084,CARE,native,CARE_native,0,below_policy_threshold;immutable_changed:Test_1,29.977999999999998,12.294120073318481,1.2075715632688295,4,"{""Test_1"": 2.413, ""Test_2"": 6.325, ""Test_3"": 10.26, ""Test_4"": 0.0, ""Test_5"": 10.98, ""Test_6"": 0.0, ""sum_click"": 2.275696, ""mod_AAA"": 0.0, ""mod_BBB"": 1.0, ""mod_EEE"": 0.0, ""mod_FFF"": 0.0}"
OULAD,0,aligned,1,2084,CARE,bounded,CARE_bounded,0,below_policy_threshold,34.479000000000006,12.294120073318481,1.200959993521218,3,"{""Test_1"": 2.5, ""Test_2"": 10.499, ""Test_3"": 0.0, ""Test_4"": 6.805, ""Test_5"": 14.675, ""Test_6"": 0.0, ""sum_click"": 2.213542, ""mod_AAA"": 0.0, ""mod_BBB"": 1.0, ""mod_EEE"": 0.0, ""mod_FFF"": 0.0}"
OULAD,0,aligned,1,2084,CARE,bounded+edit,CARE_bounded+edit,1,OK,41.079,12.294120073318481,1.5342933268545513,4,"{""Test_1"": 2.5, ""Test_2"": 10.499, ""Test_3"": 6.6, ""Test_4"": 6.805, ""Test_5"": 14.675, ""Test_6"": 0.0, ""sum_click"": 2.213542, ""mod_AAA"": 0.0, ""mod_BBB"": 1.0, ""mod_EEE"": 0.0, ""mod_FFF"": 0.0}"
OULAD,0,aligned,1,2633,CARE,native,CARE_native,1,OK,42.075,12.540376424789429,0.9985297086466165,3,"{""Test_1"": 6.0, ""Test_2"": 6.201, ""Test_3"": 0.0, ""Test_4"": 17.0, ""Test_5"": 12.874, ""Test_6"": 0.0, ""sum_click"": 3.431193, ""mod_AAA"": 0.0, ""mod_BBB"": 0.0, ""mod_EEE"": 0.0, ""mod_FFF"": 1.0}"
OULAD,0,aligned,1,2633,CARE,bounded,CARE_bounded,1,OK,44.569,12.540376424789429,0.9412374624060149,3,"{""Test_1"": 6.0, ""Test_2"": 8.25, ""Test_3"": 0.0, ""Test_4"": 12.0, ""Test_5"": 18.319, ""Test_6"": 0.0, ""sum_click"": 3.431193, ""mod_AAA"": 0.0, ""mod_BBB"": 0.0, ""mod_EEE"": 0.0, ""mod_FFF"": 1.0}"
OULAD,0,aligned,1,2633,CARE,bounded+edit,CARE_bounded+edit,1,OK,44.569,12.540376424789429,0.9412374624060149,3,"{""Test_1"": 6.0, ""Test_2"": 8.25, ""Test_3"": 0.0, ""Test_4"": 12.0, ""Test_5"": 18.319, ""Test_6"": 0.0, ""sum_click"": 3.431193, ""mod_AAA"": 0.0, ""mod_BBB"": 0.0, ""mod_EEE"": 0.0, ""mod_FFF"": 1.0}"
OULAD,0,aligned,1,2985,CARE,native,CARE_native,0,below_policy_threshold,34.760999999999996,12.27879285812378,0.8986071428571428,2,"{""Test_1"": 9.6, ""Test_2"": 0.0, ""Test_3"": 13.401, ""Test_4"": 11.76, ""Test_5"": 0.0, ""Test_6"": 0.0, ""sum_click"": 3.695652, ""mod_AAA"": 0.0, ""mod_BBB"": 0.0, ""mod_EEE"": 1.0, ""mod_FFF"": 0.0}"
OULAD,0,aligned,1,2985,CARE,bounded,CARE_bounded,0,below_policy_threshold,37.626999999999995,12.27879285812378,1.1923726342190377,3,"{""Test_1"": 9.6, ""Test_2"": 0.0, ""Test_3"": 10.08, ""Test_4"": 17.947, ""Test_5"": 0.0, ""Test_6"": 0.0, ""sum_click"": 4.072557, ""mod_AAA"": 0.0, ""mod_BBB"": 0.0, ""mod_EEE"": 1.0, ""mod_FFF"": 0.0}"
OULAD,0,aligned,1,2985,CARE,bounded+edit,CARE_bounded+edit,1,OK,40.73811111111111,12.27879285812378,1.3034837453301487,4,"{""Test_1"": 9.6, ""Test_2"": 3.111111, ""Test_3"": 10.08, ""Test_4"": 17.947, ""Test_5"": 0.0, ""Test_6"": 0.0, ""sum_click"": 4.072557, ""mod_AAA"": 0.0, ""mod_BBB"": 0.0, ""mod_EEE"": 1.0, ""mod_FFF"": 0.0}"
OULAD,0,aligned,1,3014,CARE,native,CARE_native,1,OK,43.802,15.121856689453125,0.887723436716792,3,"{""Test_1"": 6.25, ""Test_2"": 8.939, ""Test_3"": 0.0, ""Test_4"": 9.75, ""Test_5"": 18.863, ""Test_6"": 0.0, ""sum_click"": 6.287356, ""mod_AAA"": 0.0, ""mod_BBB"": 0.0, ""mod_EEE"": 0.0, ""mod_FFF"": 1.0}"
OULAD,0,aligned,1,3014,CARE,bounded,CARE_bounded,1,OK,46.936,15.121856689453125,0.9742813435374149,3,"{""Test_1"": 6.25, ""Test_2"": 7.25, ""Test_3"": 14.0, ""Test_4"": 0.0, ""Test_5"": 19.436, ""Test_6"": 0.0, ""sum_click"": 6.287356, ""mod_AAA"": 0.0, ""mod_BBB"": 0.0, ""mod_EEE"": 0.0, ""mod_FFF"": 1.0}"
OULAD,0,aligned,1,3014,CARE,bounded+edit,CARE_bounded+edit,1,OK,46.936,15.121856689453125,0.9742813435374149,3,"{""Test_1"": 6.25, ""Test_2"": 7.25, ""Test_3"": 14.0, ""Test_4"": 0.0, ""Test_5"": 19.436, ""Test_6"": 0.0, ""sum_click"": 6.287356, ""mod_AAA"": 0.0, ""mod_BBB"": 0.0, ""mod_EEE"": 0.0, ""mod_FFF"": 1.0}"
OULAD,0,aligned,1,3138,CARE,native,CARE_native,1,OK,42.656,26.263150215148926,0.8637068756073858,3,"{""Test_1"": 7.0, ""Test_2"": 9.5, ""Test_3"": 9.406, ""Test_4"": 0.0, ""Test_5"": 16.75, ""Test_6"": 0.0, ""sum_click"": 3.33245, ""mod_AAA"": 0.0, ""mod_BBB"": 0.0, ""mod_EEE"": 0.0, ""mod_FFF"": 1.0}"
OULAD,0,aligned,1,3138,CARE,bounded,CARE_bounded,1,OK,43.592,26.263150215148926,1.0191182820203468,4,"{""Test_1"": 7.0, ""Test_2"": 6.592, ""Test_3"": 0.0, ""Test_4"": 12.0, ""Test_5"": 18.0, ""Test_6"": 0.0, ""sum_click"": 3.693182, ""mod_AAA"": 0.0, ""mod_BBB"": 0.0, ""mod_EEE"": 0.0, ""mod_FFF"": 1.0}"
OULAD,0,aligned,1,3138,CARE,bounded+edit,CARE_bounded+edit,1,OK,43.592,26.263150215148926,1.0191182820203468,4,"{""Test_1"": 7.0, ""Test_2"": 6.592, ""Test_3"": 0.0, ""Test_4"": 12.0, ""Test_5"": 18.0, ""Test_6"": 0.0, ""sum_click"": 3.693182, ""mod_AAA"": 0.0, ""mod_BBB"": 0.0, ""mod_EEE"": 0.0, ""mod_FFF"": 1.0}"
OULAD,0,aligned,1,4475,CARE,native,CARE_native,0,below_policy_threshold,31.292,16.61905860900879,1.2443535353535353,3,"{""Test_1"": 2.25, ""Test_2"": 10.682, ""Test_3"": 5.76, ""Test_4"": 0.0, ""Test_5"": 12.6, ""Test_6"": 0.0, ""sum_click"": 2.607527, ""mod_AAA"": 0.0, ""mod_BBB"": 1.0, ""mod_EEE"": 0.0, ""mod_FFF"": 0.0}"
OULAD,0,aligned,1,4475,CARE,bounded,CARE_bounded,0,below_policy_threshold,28.783,16.61905860900879,1.1060943722943724,3,"{""Test_1"": 2.25, ""Test_2"": 5.5, ""Test_3"": 9.1, ""Test_4"": 0.0, ""Test_5"": 11.933, ""Test_6"": 0.0, ""sum_click"": 2.607527, ""mod_AAA"": 0.0, ""mod_BBB"": 1.0, ""mod_EEE"": 0.0, ""mod_FFF"": 0.0}"
OULAD,0,aligned,1,4475,CARE,bounded+edit,CARE_bounded+edit,1,OK,40.21633333333334,16.61905860900879,1.4394277056277058,4,"{""Test_1"": 2.25, ""Test_2"": 5.5, ""Test_3"": 9.1, ""Test_4"": 11.433333, ""Test_5"": 11.933, ""Test_6"": 0.0, ""sum_click"": 2.607527, ""mod_AAA"": 0.0, ""mod_BBB"": 1.0, ""mod_EEE"": 0.0, ""mod_FFF"": 0.0}"
OULAD,0,aligned,1,4619,CARE,native,CARE_native,0,below_policy_threshold,33.069,12.433652400970459,1.1947927113702623,3,"{""Test_1"": 2.0, ""Test_2"": 11.241, ""Test_3"": 0.0, ""Test_4"": 6.48, ""Test_5"": 13.348, ""Test_6"": 0.0, ""sum_click"": 2.616438, ""mod_AAA"": 0.0, ""mod_BBB"": 1.0, ""mod_EEE"": 0.0, ""mod_FFF"": 0.0}"
OULAD,0,aligned,1,4619,CARE,bounded,CARE_bounded,0,below_policy_threshold,35.378,12.433652400970459,1.2386136757223554,4,"{""Test_1"": 2.0, ""Test_2"": 9.9, ""Test_3"": 0.0, ""Test_4"": 10.808, ""Test_5"": 12.67, ""Test_6"": 0.0, ""sum_click"": 2.641261, ""mod_AAA"": 0.0, ""mod_BBB"": 1.0, ""mod_EEE"": 0.0, ""mod_FFF"": 0.0}"
OULAD,0,aligned,1,4619,CARE,bounded+edit,CARE_bounded+edit,1,OK,41.978,12.433652400970459,1.5719470090556888,5,"{""Test_1"": 2.0, ""Test_2"": 9.9, ""Test_3"": 6.6, ""Test_4"": 10.808, ""Test_5"": 12.67, ""Test_6"": 0.0, ""sum_click"": 2.641261, ""mod_AAA"": 0.0, ""mod_BBB"": 1.0, ""mod_EEE"": 0.0, ""mod_FFF"": 0.0}"
OULAD,0,aligned,1,5757,CARE,native,CARE_native,0,below_policy_threshold;immutable_changed:Test_1,38.109,12.409668207168579,0.7245873275024295,3,"{""Test_1"": 9.0, ""Test_2"": 5.0, ""Test_3"": 11.25, ""Test_4"": 0.0, ""Test_5"": 12.859, ""Test_6"": 0.0, ""sum_click"": 4.435768, ""mod_AAA"": 0.0, ""mod_BBB"": 0.0, ""mod_EEE"": 0.0, ""mod_FFF"": 1.0}"
OULAD,0,aligned,1,5757,CARE,bounded,CARE_bounded,1,OK,42.2,12.409668207168579,1.020686324564385,4,"{""Test_1"": 6.7, ""Test_2"": 6.0, ""Test_3"": 0.0, ""Test_4"": 16.5, ""Test_5"": 13.0, ""Test_6"": 0.0, ""sum_click"": 4.502924, ""mod_AAA"": 0.0, ""mod_BBB"": 0.0, ""mod_EEE"": 0.0, ""mod_FFF"": 1.0}"
OULAD,0,aligned,1,5757,CARE,bounded+edit,CARE_bounded+edit,1,OK,42.2,12.409668207168579,1.020686324564385,4,"{""Test_1"": 6.7, ""Test_2"": 6.0, ""Test_3"": 0.0, ""Test_4"": 16.5, ""Test_5"": 13.0, ""Test_6"": 0.0, ""sum_click"": 4.502924, ""mod_AAA"": 0.0, ""mod_BBB"": 0.0, ""mod_EEE"": 0.0, ""mod_FFF"": 1.0}"
OULAD,0,aligned,1,5775,CARE,native,CARE_native,0,below_policy_threshold,38.088,12.522026062011719,0.9945714285714287,2,"{""Test_1"": 10.24, ""Test_2"": 0.0, ""Test_3"": 11.364, ""Test_4"": 16.484, ""Test_5"": 0.0, ""Test_6"": 0.0, ""sum_click"": 2.465909, ""mod_AAA"": 0.0, ""mod_BBB"": 0.0, ""mod_EEE"": 1.0, ""mod_FFF"": 0.0}"
OULAD,0,aligned,1,5775,CARE,bounded,CARE_bounded,0,below_policy_threshold,39.501000000000005,12.522026062011719,1.0577899293722963,3,"{""Test_1"": 10.24, ""Test_2"": 0.0, ""Test_3"": 13.301, ""Test_4"": 15.96, ""Test_5"": 0.0, ""Test_6"": 0.0, ""sum_click"": 2.506708, ""mod_AAA"": 0.0, ""mod_BBB"": 0.0, ""mod_EEE"": 1.0, ""mod_FFF"": 0.0}"
OULAD,0,aligned,1,5775,CARE,bounded+edit,CARE_bounded+edit,1,OK,42.61211111111111,12.522026062011719,1.1689010404834075,4,"{""Test_1"": 10.24, ""Test_2"": 3.111111, ""Test_3"": 13.301, ""Test_4"": 15.96, ""Test_5"": 0.0, ""Test_6"": 0.0, ""sum_click"": 2.506708, ""mod_AAA"": 0.0, ""mod_BBB"": 0.0, ""mod_EEE"": 1.0, ""mod_FFF"": 0.0}"
OULAD,0,aligned,1,6387,CARE,native,CARE_native,0,immutable_changed:Test_1,43.275,12.164795160293579,1.293174148549355,4,"{""Test_1"": 9.75, ""Test_2"": 11.0, ""Test_3"": 0.0, ""Test_4"": 9.75, ""Test_5"": 12.775, ""Test_6"": 0.0, ""sum_click"": 4.297297, ""mod_AAA"": 0.0, ""mod_BBB"": 0.0, ""mod_EEE"": 0.0, ""mod_FFF"": 1.0}"
OULAD,0,aligned,1,6387,CARE,bounded,CARE_bounded,0,below_policy_threshold,19.197,12.164795160293579,0.19197,1,"{""Test_1"": 0.0, ""Test_2"": 0.0, ""Test_3"": 0.0, ""Test_4"": 0.0, ""Test_5"": 19.197, ""Test_6"": 0.0, ""sum_click"": 3.3, ""mod_AAA"": 0.0, ""mod_BBB"": 0.0, ""mod_EEE"": 0.0, ""mod_FFF"": 1.0}"
OULAD,0,aligned,1,6387,CARE,bounded+edit,CARE_bounded+edit,1,OK,40.10366666666667,12.164795160293579,0.9697477777777778,2,"{""Test_1"": 0.0, ""Test_2"": 20.906667, ""Test_3"": 0.0, ""Test_4"": 0.0, ""Test_5"": 19.197, ""Test_6"": 0.0, ""sum_click"": 3.3, ""mod_AAA"": 0.0, ""mod_BBB"": 0.0, ""mod_EEE"": 0.0, ""mod_FFF"": 1.0}"
OULAD,0,aligned,1,7063,CARE,native,CARE_native,0,immutable_changed:Test_1,43.225,11.917045831680298,1.254105793803718,4,"{""Test_1"": 8.5, ""Test_2"": 10.225, ""Test_3"": 0.0, ""Test_4"": 10.0, ""Test_5"": 14.5, ""Test_6"": 0.0, ""sum_click"": 4.27957, ""mod_AAA"": 0.0, ""mod_BBB"": 0.0, ""mod_EEE"": 0.0, ""mod_FFF"": 1.0}"
OULAD,0,aligned,1,7063,CARE,bounded,CARE_bounded,1,OK,45.954,11.917045831680298,0.972991996803349,4,"{""Test_1"": 5.5, ""Test_2"": 9.019, ""Test_3"": 0.0, ""Test_4"": 10.435, ""Test_5"": 21.0, ""Test_6"": 0.0, ""sum_click"": 3.50432, ""mod_AAA"": 0.0, ""mod_BBB"": 0.0, ""mod_EEE"": 0.0, ""mod_FFF"": 1.0}"
OULAD,0,aligned,1,7063,CARE,bounded+edit,CARE_bounded+edit,1,OK,45.954,11.917045831680298,0.972991996803349,4,"{""Test_1"": 5.5, ""Test_2"": 9.019, ""Test_3"": 0.0, ""Test_4"": 10.435, ""Test_5"": 21.0, ""Test_6"": 0.0, ""sum_click"": 3.50432, ""mod_AAA"": 0.0, ""mod_BBB"": 0.0, ""mod_EEE"": 0.0, ""mod_FFF"": 1.0}"
OULAD,0,aligned,1,7604,CARE,native,CARE_native,0,below_policy_threshold,33.266999999999996,12.23279333114624,1.1724448979591835,3,"{""Test_1"": 2.9, ""Test_2"": 11.16, ""Test_3"": 0.0, ""Test_4"": 6.3, ""Test_5"": 12.907, ""Test_6"": 0.0, ""sum_click"": 1.75, ""mod_AAA"": 0.0, ""mod_BBB"": 1.0, ""mod_EEE"": 0.0, ""mod_FFF"": 0.0}"
OULAD,0,aligned,1,7604,CARE,bounded,CARE_bounded,0,below_policy_threshold,34.549,12.23279333114624,1.248860641399417,3,"{""Test_1"": 2.9, ""Test_2"": 12.51, ""Test_3"": 0.0, ""Test_4"": 12.06, ""Test_5"": 7.079, ""Test_6"": 0.0, ""sum_click"": 1.75, ""mod_AAA"": 0.0, ""mod_BBB"": 1.0, ""mod_EEE"": 0.0, ""mod_FFF"": 0.0}"
OULAD,0,aligned,1,7604,CARE,bounded+edit,CARE_bounded+edit,1,OK,41.149,12.23279333114624,1.5821939747327503,4,"{""Test_1"": 2.9, ""Test_2"": 12.51, ""Test_3"": 6.6, ""Test_4"": 12.06, ""Test_5"": 7.079, ""Test_6"": 0.0, ""sum_click"": 1.75, ""mod_AAA"": 0.0, ""mod_BBB"": 1.0, ""mod_EEE"": 0.0, ""mod_FFF"": 0.0}"
OULAD,0,aligned,1,8086,CARE,native,CARE_native,1,OK,43.5,12.200778007507324,1.2799355762493905,4,"{""Test_1"": 6.75, ""Test_2"": 8.25, ""Test_3"": 0.0, ""Test_4"": 10.0, ""Test_5"": 18.5, ""Test_6"": 0.0, ""sum_click"": 4.27957, ""mod_AAA"": 0.0, ""mod_BBB"": 0.0, ""mod_EEE"": 0.0, ""mod_FFF"": 1.0}"
OULAD,0,aligned,1,8086,CARE,bounded,CARE_bounded,1,OK,41.981,12.200778007507324,0.7887421416423712,3,"{""Test_1"": 6.75, ""Test_2"": 6.323, ""Test_3"": 10.0, ""Test_4"": 0.0, ""Test_5"": 18.908, ""Test_6"": 0.0, ""sum_click"": 3.172249, ""mod_AAA"": 0.0, ""mod_BBB"": 0.0, ""mod_EEE"": 0.0, ""mod_FFF"": 1.0}"
OULAD,0,aligned,1,8086,CARE,bounded+edit,CARE_bounded+edit,1,OK,41.981,12.200778007507324,0.7887421416423712,3,"{""Test_1"": 6.75, ""Test_2"": 6.323, ""Test_3"": 10.0, ""Test_4"": 0.0, ""Test_5"": 18.908, ""Test_6"": 0.0, ""sum_click"": 3.172249, ""mod_AAA"": 0.0, ""mod_BBB"": 0.0, ""mod_EEE"": 0.0, ""mod_FFF"": 1.0}"
OULAD,0,aligned,1,8253,CARE,native,CARE_native,0,below_policy_threshold,30.71,12.595585107803345,1.1753795093795094,3,"{""Test_1"": 2.75, ""Test_2"": 5.5, ""Test_3"": 10.4, ""Test_4"": 0.0, ""Test_5"": 12.06, ""Test_6"": 0.0, ""sum_click"": 2.557491, ""mod_AAA"": 0.0, ""mod_BBB"": 1.0, ""mod_EEE"": 0.0, ""mod_FFF"": 0.0}"
OULAD,0,aligned,1,8253,CARE,bounded,CARE_bounded,0,below_policy_threshold,32.083,12.595585107803345,1.2359661603955299,4,"{""Test_1"": 2.75, ""Test_2"": 6.113, ""Test_3"": 9.72, ""Test_4"": 0.0, ""Test_5"": 13.5, ""Test_6"": 0.0, ""sum_click"": 2.601202, ""mod_AAA"": 0.0, ""mod_BBB"": 1.0, ""mod_EEE"": 0.0, ""mod_FFF"": 0.0}"
OULAD,0,aligned,1,8253,CARE,bounded+edit,CARE_bounded+edit,1,OK,43.516333333333336,12.595585107803345,1.5692994937288631,5,"{""Test_1"": 2.75, ""Test_2"": 6.113, ""Test_3"": 9.72, ""Test_4"": 11.433333, ""Test_5"": 13.5, ""Test_6"": 0.0, ""sum_click"": 2.601202, ""mod_AAA"": 0.0, ""mod_BBB"": 1.0, ""mod_EEE"": 0.0, ""mod_FFF"": 0.0}"
OULAD,0,aligned,1,8319,CARE,native,CARE_native,0,below_policy_threshold,33.784,12.54205322265625,1.41687417027417,3,"{""Test_1"": 2.75, ""Test_2"": 10.138, ""Test_3"": 11.7, ""Test_4"": 0.0, ""Test_5"": 9.196, ""Test_6"": 0.0, ""sum_click"": 2.846626, ""mod_AAA"": 0.0, ""mod_BBB"": 1.0, ""mod_EEE"": 0.0, ""mod_FFF"": 0.0}"
OULAD,0,aligned,1,8319,CARE,bounded,CARE_bounded,0,below_policy_threshold,30.477,12.54205322265625,1.180596681096681,3,"{""Test_1"": 2.75, ""Test_2"": 6.279, ""Test_3"": 9.983, ""Test_4"": 0.0, ""Test_5"": 11.465, ""Test_6"": 0.0, ""sum_click"": 2.846626, ""mod_AAA"": 0.0, ""mod_BBB"": 1.0, ""mod_EEE"": 0.0, ""mod_FFF"": 0.0}"
OULAD,0,aligned,1,8319,CARE,bounded+edit,CARE_bounded+edit,1,OK,41.910333333333334,12.54205322265625,1.5139300144300145,4,"{""Test_1"": 2.75, ""Test_2"": 6.279, ""Test_3"": 9.983, ""Test_4"": 11.433333, ""Test_5"": 11.465, ""Test_6"": 0.0, ""sum_click"": 2.846626, ""mod_AAA"": 0.0, ""mod_BBB"": 1.0, ""mod_EEE"": 0.0, ""mod_FFF"": 0.0}"
OULAD,0,aligned,1,8442,CARE,native,CARE_native,0,below_policy_threshold,34.096000000000004,12.245455741882324,1.3707388167388168,3,"{""Test_1"": 1.65, ""Test_2"": 7.92, ""Test_3"": 10.486, ""Test_4"": 0.0, ""Test_5"": 14.04, ""Test_6"": 0.0, ""sum_click"": 1.0, ""mod_AAA"": 0.0, ""mod_BBB"": 1.0, ""mod_EEE"": 0.0, ""mod_FFF"": 0.0}"
OULAD,0,aligned,1,8442,CARE,bounded,CARE_bounded,0,below_policy_threshold,30.63,12.245455741882324,1.489124215764938,3,"{""Test_1"": 1.65, ""Test_2"": 12.6, ""Test_3"": 0.0, ""Test_4"": 16.38, ""Test_5"": 0.0, ""Test_6"": 0.0, ""sum_click"": 2.175487, ""mod_AAA"": 0.0, ""mod_BBB"": 1.0, ""mod_EEE"": 0.0, ""mod_FFF"": 0.0}"
OULAD,0,aligned,1,8442,CARE,bounded+edit,CARE_bounded+edit,1,OK,41.629999999999995,12.245455741882324,2.0446797713204936,4,"{""Test_1"": 1.65, ""Test_2"": 12.6, ""Test_3"": 11.0, ""Test_4"": 16.38, ""Test_5"": 0.0, ""Test_6"": 0.0, ""sum_click"": 2.175487, ""mod_AAA"": 0.0, ""mod_BBB"": 1.0, ""mod_EEE"": 0.0, ""mod_FFF"": 0.0}"
OULAD,0,aligned,1,8995,CARE,native,CARE_native,0,below_policy_threshold,34.24,12.738284587860107,1.1720483317136379,3,"{""Test_1"": 2.75, ""Test_2"": 9.788, ""Test_3"": 0.0, ""Test_4"": 14.086, ""Test_5"": 7.616, ""Test_6"": 0.0, ""sum_click"": 1.942771, ""mod_AAA"": 0.0, ""mod_BBB"": 1.0, ""mod_EEE"": 0.0, ""mod_FFF"": 0.0}"
OULAD,0,aligned,1,8995,CARE,bounded,CARE_bounded,0,below_policy_threshold,31.73,12.738284587860107,1.2863694227535367,4,"{""Test_1"": 2.75, ""Test_2"": 7.74, ""Test_3"": 10.26, ""Test_4"": 0.0, ""Test_5"": 10.98, ""Test_6"": 0.0, ""sum_click"": 2.01203, ""mod_AAA"": 0.0, ""mod_BBB"": 1.0, ""mod_EEE"": 0.0, ""mod_FFF"": 0.0}"
OULAD,0,aligned,1,8995,CARE,bounded+edit,CARE_bounded+edit,1,OK,43.16333333333334,12.738284587860107,1.6197027560868702,5,"{""Test_1"": 2.75, ""Test_2"": 7.74, ""Test_3"": 10.26, ""Test_4"": 11.433333, ""Test_5"": 10.98, ""Test_6"": 0.0, ""sum_click"": 2.01203, ""mod_AAA"": 0.0, ""mod_BBB"": 1.0, ""mod_EEE"": 0.0, ""mod_FFF"": 0.0}"
OULAD,0,aligned,1,9978,CARE,native,CARE_native,0,below_policy_threshold,36.763,11.821027994155884,0.8901071428571429,2,"{""Test_1"": 11.84, ""Test_2"": 0.0, ""Test_3"": 11.48, ""Test_4"": 13.443, ""Test_5"": 0.0, ""Test_6"": 0.0, ""sum_click"": 3.722372, ""mod_AAA"": 0.0, ""mod_BBB"": 0.0, ""mod_EEE"": 1.0, ""mod_FFF"": 0.0}"
OULAD,0,aligned,1,9978,CARE,bounded,CARE_bounded,0,below_policy_threshold,38.748999999999995,11.821027994155884,0.9610357142857142,2,"{""Test_1"": 11.84, ""Test_2"": 0.0, ""Test_3"": 9.602, ""Test_4"": 17.307, ""Test_5"": 0.0, ""Test_6"": 0.0, ""sum_click"": 3.722372, ""mod_AAA"": 0.0, ""mod_BBB"": 0.0, ""mod_EEE"": 1.0, ""mod_FFF"": 0.0}"
OULAD,0,aligned,1,9978,CARE,bounded+edit,CARE_bounded+edit,1,OK,41.86011111111111,11.821027994155884,1.0721468253968254,3,"{""Test_1"": 11.84, ""Test_2"": 3.111111, ""Test_3"": 9.602, ""Test_4"": 17.307, ""Test_5"": 0.0, ""Test_6"": 0.0, ""sum_click"": 3.722372, ""mod_AAA"": 0.0, ""mod_BBB"": 0.0, ""mod_EEE"": 1.0, ""mod_FFF"": 0.0}"
OULAD,0,aligned,1,10784,CARE,native,CARE_native,1,OK,46.449,12.485769987106323,0.973234649122807,3,"{""Test_1"": 7.25, ""Test_2"": 9.5, ""Test_3"": 0.0, ""Test_4"": 11.699, ""Test_5"": 18.0, ""Test_6"": 0.0, ""sum_click"": 2.836735, ""mod_AAA"": 0.0, ""mod_BBB"": 0.0, ""mod_EEE"": 0.0, ""mod_FFF"": 1.0}"
OULAD,0,aligned,1,10784,CARE,bounded,CARE_bounded,1,OK,45.873000000000005,12.485769987106323,0.9149356608357628,3,"{""Test_1"": 7.25, ""Test_2"": 8.5, ""Test_3"": 11.25, ""Test_4"": 0.0, ""Test_5"": 18.873, ""Test_6"": 0.0, ""sum_click"": 2.836735, ""mod_AAA"": 0.0, ""mod_BBB"": 0.0, ""mod_EEE"": 0.0, ""mod_FFF"": 1.0}"
OULAD,0,aligned,1,10784,CARE,bounded+edit,CARE_bounded+edit,1,OK,45.873000000000005,12.485769987106323,0.9149356608357628,3,"{""Test_1"": 7.25, ""Test_2"": 8.5, ""Test_3"": 11.25, ""Test_4"": 0.0, ""Test_5"": 18.873, ""Test_6"": 0.0, ""sum_click"": 2.836735, ""mod_AAA"": 0.0, ""mod_BBB"": 0.0, ""mod_EEE"": 0.0, ""mod_FFF"": 1.0}"
OULAD,0,aligned,1,11441,CARE,native,CARE_native,0,below_policy_threshold;immutable_changed:Test_1,36.742,12.265630960464478,0.9282142857142858,2,"{""Test_1"": 10.752, ""Test_2"": 0.0, ""Test_3"": 12.27, ""Test_4"": 13.72, ""Test_5"": 0.0, ""Test_6"": 0.0, ""sum_click"": 4.445714, ""mod_AAA"": 0.0, ""mod_BBB"": 0.0, ""mod_EEE"": 1.0, ""mod_FFF"": 0.0}"
OULAD,0,aligned,1,11441,CARE,bounded,CARE_bounded,1,OK,48.648,12.265630960464478,1.2018228090720995,4,"{""Test_1"": 10.08, ""Test_2"": 17.53, ""Test_3"": 0.0, ""Test_4"": 11.2, ""Test_5"": 9.838, ""Test_6"": 0.0, ""sum_click"": 4.540034, ""mod_AAA"": 0.0, ""mod_BBB"": 0.0, ""mod_EEE"": 1.0, ""mod_FFF"": 0.0}"
OULAD,0,aligned,1,11441,CARE,bounded+edit,CARE_bounded+edit,1,OK,48.648,12.265630960464478,1.2018228090720995,4,"{""Test_1"": 10.08, ""Test_2"": 17.53, ""Test_3"": 0.0, ""Test_4"": 11.2, ""Test_5"": 9.838, ""Test_6"": 0.0, ""sum_click"": 4.540034, ""mod_AAA"": 0.0, ""mod_BBB"": 0.0, ""mod_EEE"": 1.0, ""mod_FFF"": 0.0}"
OULAD,0,aligned,1,11785,CARE,native,CARE_native,0,immutable_changed:Test_1,44.409,12.159000635147095,1.3166595169994513,4,"{""Test_1"": 8.909, ""Test_2"": 7.0, ""Test_3"": 14.5, ""Test_4"": 0.0, ""Test_5"": 14.0, ""Test_6"": 0.0, ""sum_click"": 3.285654, ""mod_AAA"": 0.0, ""mod_BBB"": 0.0, ""mod_EEE"": 0.0, ""mod_FFF"": 1.0}"
OULAD,0,aligned,1,11785,CARE,bounded,CARE_bounded,1,OK,48.0,12.159000635147095,1.3937163861077178,4,"{""Test_1"": 7.5, ""Test_2"": 7.0, ""Test_3"": 0.0, ""Test_4"": 14.75, ""Test_5"": 18.75, ""Test_6"": 0.0, ""sum_click"": 3.300248, ""mod_AAA"": 0.0, ""mod_BBB"": 0.0, ""mod_EEE"": 0.0, ""mod_FFF"": 1.0}"
OULAD,0,aligned,1,11785,CARE,bounded+edit,CARE_bounded+edit,1,OK,48.0,12.159000635147095,1.3937163861077178,4,"{""Test_1"": 7.5, ""Test_2"": 7.0, ""Test_3"": 0.0, ""Test_4"": 14.75, ""Test_5"": 18.75, ""Test_6"": 0.0, ""sum_click"": 3.300248, ""mod_AAA"": 0.0, ""mod_BBB"": 0.0, ""mod_EEE"": 0.0, ""mod_FFF"": 1.0}"
OULAD,0,aligned,1,12336,CARE,native,CARE_native,0,below_policy_threshold,33.367,12.910505294799805,1.1975177842565596,3,"{""Test_1"": 2.75, ""Test_2"": 11.7, ""Test_3"": 0.0, ""Test_4"": 12.06, ""Test_5"": 6.857, ""Test_6"": 0.0, ""sum_click"": 1.891667, ""mod_AAA"": 0.0, ""mod_BBB"": 1.0, ""mod_EEE"": 0.0, ""mod_FFF"": 0.0}"
OULAD,0,aligned,1,12336,CARE,bounded,CARE_bounded,0,below_policy_threshold,34.226,12.910505294799805,1.194927113702624,3,"{""Test_1"": 2.75, ""Test_2"": 10.8, ""Test_3"": 0.0, ""Test_4"": 7.176, ""Test_5"": 13.5, ""Test_6"": 0.0, ""sum_click"": 1.891667, ""mod_AAA"": 0.0, ""mod_BBB"": 1.0, ""mod_EEE"": 0.0, ""mod_FFF"": 0.0}"
OULAD,0,aligned,1,12336,CARE,bounded+edit,CARE_bounded+edit,1,OK,40.826,12.910505294799805,1.5282604470359573,4,"{""Test_1"": 2.75, ""Test_2"": 10.8, ""Test_3"": 6.6, ""Test_4"": 7.176, ""Test_5"": 13.5, ""Test_6"": 0.0, ""sum_click"": 1.891667, ""mod_AAA"": 0.0, ""mod_BBB"": 1.0, ""mod_EEE"": 0.0, ""mod_FFF"": 0.0}"
OULAD,0,aligned,1,13066,CARE,native,CARE_native,0,below_policy_threshold;out_of_bounds:sum_click;immutable_changed:Test_1,29.510000000000005,13.094859838485718,1.1868741931617186,4,"{""Test_1"": 1.852, ""Test_2"": 5.4, ""Test_3"": 10.378, ""Test_4"": 0.0, ""Test_5"": 11.88, ""Test_6"": 0.0, ""sum_click"": 2.738095, ""mod_AAA"": 0.0, ""mod_BBB"": 1.0, ""mod_EEE"": 0.0, ""mod_FFF"": 0.0}"
OULAD,0,aligned,1,13066,CARE,bounded,CARE_bounded,0,below_policy_threshold,36.339,13.094859838485718,1.2658309624599737,4,"{""Test_1"": 2.75, ""Test_2"": 10.909, ""Test_3"": 0.0, ""Test_4"": 9.54, ""Test_5"": 13.14, ""Test_6"": 0.0, ""sum_click"": 2.796784, ""mod_AAA"": 0.0, ""mod_BBB"": 1.0, ""mod_EEE"": 0.0, ""mod_FFF"": 0.0}"
OULAD,0,aligned,1,13066,CARE,bounded+edit,CARE_bounded+edit,1,OK,40.739000000000004,13.094859838485718,1.4880531846821958,5,"{""Test_1"": 2.75, ""Test_2"": 10.909, ""Test_3"": 4.4, ""Test_4"": 9.54, ""Test_5"": 13.14, ""Test_6"": 0.0, ""sum_click"": 2.796784, ""mod_AAA"": 0.0, ""mod_BBB"": 1.0, ""mod_EEE"": 0.0, ""mod_FFF"": 0.0}"
OULAD,0,aligned,1,13763,CARE,native,CARE_native,0,below_policy_threshold,28.729999999999997,11.884984493255615,0.9400272108843537,2,"{""Test_1"": 5.1, ""Test_2"": 0.0, ""Test_3"": 10.017, ""Test_4"": 0.0, ""Test_5"": 13.613, ""Test_6"": 0.0, ""sum_click"": 1.724138, ""mod_AAA"": 1.0, ""mod_BBB"": 0.0, ""mod_EEE"": 0.0, ""mod_FFF"": 0.0}"
OULAD,0,aligned,1,13763,CARE,bounded,CARE_bounded,0,below_policy_threshold,29.364,11.884984493255615,0.9676734693877551,2,"{""Test_1"": 5.1, ""Test_2"": 0.0, ""Test_3"": 10.464, ""Test_4"": 0.0, ""Test_5"": 13.8, ""Test_6"": 0.0, ""sum_click"": 1.724138, ""mod_AAA"": 1.0, ""mod_BBB"": 0.0, ""mod_EEE"": 0.0, ""mod_FFF"": 0.0}"
OULAD,0,aligned,1,13763,CARE,bounded+edit,CARE_bounded+edit,1,OK,42.03066666666666,11.884984493255615,1.634340136054422,3,"{""Test_1"": 5.1, ""Test_2"": 12.666667, ""Test_3"": 10.464, ""Test_4"": 0.0, ""Test_5"": 13.8, ""Test_6"": 0.0, ""sum_click"": 1.724138, ""mod_AAA"": 1.0, ""mod_BBB"": 0.0, ""mod_EEE"": 0.0, ""mod_FFF"": 0.0}"
OULAD,0,aligned,2,1245,CARE,native,CARE_native,0,below_policy_threshold;immutable_changed:Test_1;immutable_changed:Test_2,30.284000000000002,12.168099880218506,0.8166435786435786,2,"{""Test_1"": 2.4, ""Test_2"": 6.946, ""Test_3"": 9.958, ""Test_4"": 0.0, ""Test_5"": 10.98, ""Test_6"": 0.0, ""sum_click"": 1.636364, ""mod_AAA"": 0.0, ""mod_BBB"": 1.0, ""mod_EEE"": 0.0, ""mod_FFF"": 0.0}"
OULAD,0,aligned,2,1245,CARE,bounded,CARE_bounded,0,below_policy_threshold,29.56,12.168099880218506,0.7728862973760933,2,"{""Test_1"": 2.7, ""Test_2"": 0.0, ""Test_3"": 0.0, ""Test_4"": 9.36, ""Test_5"": 17.5, ""Test_6"": 0.0, ""sum_click"": 1.636364, ""mod_AAA"": 0.0, ""mod_BBB"": 1.0, ""mod_EEE"": 0.0, ""mod_FFF"": 0.0}"
OULAD,0,aligned,2,1245,CARE,bounded+edit,CARE_bounded+edit,1,OK,40.56,12.168099880218506,1.3284418529316488,3,"{""Test_1"": 2.7, ""Test_2"": 0.0, ""Test_3"": 11.0, ""Test_4"": 9.36, ""Test_5"": 17.5, ""Test_6"": 0.0, ""sum_click"": 1.636364, ""mod_AAA"": 0.0, ""mod_BBB"": 1.0, ""mod_EEE"": 0.0, ""mod_FFF"": 0.0}"
OULAD,0,aligned,2,1515,CARE,native,CARE_native,0,immutable_changed:Test_1;immutable_changed:Test_2;immutable_changed:sum_click,40.278999999999996,11.935469627380371,0.5633454227405248,2,"{""Test_1"": 9.0, ""Test_2"": 4.693, ""Test_3"": 11.25, ""Test_4"": 0.0, ""Test_5"": 15.336, ""Test_6"": 0.0, ""sum_click"": 5.473958, ""mod_AAA"": 0.0, ""mod_BBB"": 0.0, ""mod_EEE"": 0.0, ""mod_FFF"": 1.0}"
OULAD,0,aligned,2,1515,CARE,bounded,CARE_bounded,1,OK,54.115,11.935469627380371,1.0592427497314714,3,"{""Test_1"": 8.5, ""Test_2"": 3.0, ""Test_3"": 10.115, ""Test_4"": 13.25, ""Test_5"": 19.25, ""Test_6"": 0.0, ""sum_click"": 9.617391, ""mod_AAA"": 0.0, ""mod_BBB"": 0.0, ""mod_EEE"": 0.0, ""mod_FFF"": 1.0}"
OULAD,0,aligned,2,1515,CARE,bounded+edit,CARE_bounded+edit,1,OK,54.115,11.935469627380371,1.0592427497314714,3,"{""Test_1"": 8.5, ""Test_2"": 3.0, ""Test_3"": 10.115, ""Test_4"": 13.25, ""Test_5"": 19.25, ""Test_6"": 0.0, ""sum_click"": 9.617391, ""mod_AAA"": 0.0, ""mod_BBB"": 0.0, ""mod_EEE"": 0.0, ""mod_FFF"": 1.0}"
OULAD,0,aligned,2,1744,CARE,native,CARE_native,1,OK,46.055,12.095675706863403,0.6021412030075188,2,"{""Test_1"": 8.0, ""Test_2"": 7.75, ""Test_3"": 0.0, ""Test_4"": 10.839, ""Test_5"": 19.466, ""Test_6"": 0.0, ""sum_click"": 5.632653, ""mod_AAA"": 0.0, ""mod_BBB"": 0.0, ""mod_EEE"": 0.0, ""mod_FFF"": 1.0}"
OULAD,0,aligned,2,1744,CARE,bounded,CARE_bounded,1,OK,45.394999999999996,12.095675706863403,1.1794546656423295,3,"{""Test_1"": 8.0, ""Test_2"": 7.75, ""Test_3"": 0.0, ""Test_4"": 11.0, ""Test_5"": 18.645, ""Test_6"": 0.0, ""sum_click"": 5.764061, ""mod_AAA"": 0.0, ""mod_BBB"": 0.0, ""mod_EEE"": 0.0, ""mod_FFF"": 1.0}"
OULAD,0,aligned,2,1744,CARE,bounded+edit,CARE_bounded+edit,1,OK,45.394999999999996,12.095675706863403,1.1794546656423295,3,"{""Test_1"": 8.0, ""Test_2"": 7.75, ""Test_3"": 0.0, ""Test_4"": 11.0, ""Test_5"": 18.645, ""Test_6"": 0.0, ""sum_click"": 5.764061, ""mod_AAA"": 0.0, ""mod_BBB"": 0.0, ""mod_EEE"": 0.0, ""mod_FFF"": 1.0}"
OULAD,0,aligned,2,1768,CARE,native,CARE_native,0,immutable_changed:Test_2,45.75,12.147309064865112,0.7971992481203007,2,"{""Test_1"": 6.0, ""Test_2"": 6.25, ""Test_3"": 0.0, ""Test_4"": 16.75, ""Test_5"": 16.75, ""Test_6"": 0.0, ""sum_click"": 3.330097, ""mod_AAA"": 0.0, ""mod_BBB"": 0.0, ""mod_EEE"": 0.0, ""mod_FFF"": 1.0}"
OULAD,0,aligned,2,1768,CARE,bounded,CARE_bounded,0,below_policy_threshold,38.462,12.147309064865112,0.7657279729471026,3,"{""Test_1"": 6.0, ""Test_2"": 0.0, ""Test_3"": 0.0, ""Test_4"": 12.0, ""Test_5"": 20.462, ""Test_6"": 0.0, ""sum_click"": 3.608273, ""mod_AAA"": 0.0, ""mod_BBB"": 0.0, ""mod_EEE"": 0.0, ""mod_FFF"": 1.0}"
OULAD,0,aligned,2,1768,CARE,bounded+edit,CARE_bounded+edit,1,OK,41.510888888888886,12.147309064865112,0.8768390840582138,4,"{""Test_1"": 6.0, ""Test_2"": 0.0, ""Test_3"": 3.048889, ""Test_4"": 12.0, ""Test_5"": 20.462, ""Test_6"": 0.0, ""sum_click"": 3.608273, ""mod_AAA"": 0.0, ""mod_BBB"": 0.0, ""mod_EEE"": 0.0, ""mod_FFF"": 1.0}"
OULAD,0,aligned,2,2038,CARE,native,CARE_native,0,below_policy_threshold;immutable_changed:Test_2,31.031,11.667008876800537,0.8904923383882312,4,"{""Test_1"": 3.45, ""Test_2"": 6.896, ""Test_3"": 10.26, ""Test_4"": 0.165, ""Test_5"": 10.26, ""Test_6"": 0.0, ""sum_click"": 2.290323, ""mod_AAA"": 0.0, ""mod_BBB"": 1.0, ""mod_EEE"": 0.0, ""mod_FFF"": 0.0}"
OULAD,0,aligned,2,2038,CARE,bounded,CARE_bounded,0,below_policy_threshold,29.18,11.667008876800537,0.8860886048602402,3,"{""Test_1"": 3.45, ""Test_2"": 0.0, ""Test_3"": 5.546, ""Test_4"": 0.0, ""Test_5"": 20.184, ""Test_6"": 0.0, ""sum_click"": 2.169492, ""mod_AAA"": 0.0, ""mod_BBB"": 1.0, ""mod_EEE"": 0.0, ""mod_FFF"": 0.0}"
OULAD,0,aligned,2,2038,CARE,bounded+edit,CARE_bounded+edit,0,classifier_target_not_met,40.61333333333333,11.667008876800537,1.2194219381935736,4,"{""Test_1"": 3.45, ""Test_2"": 0.0, ""Test_3"": 5.546, ""Test_4"": 11.433333, ""Test_5"": 20.184, ""Test_6"": 0.0, ""sum_click"": 2.169492, ""mod_AAA"": 0.0, ""mod_BBB"": 1.0, ""mod_EEE"": 0.0, ""mod_FFF"": 0.0}"
OULAD,0,aligned,2,2094,CARE,native,CARE_native,0,below_policy_threshold,31.91,11.75676965713501,0.5626705539358601,2,"{""Test_1"": 2.75, ""Test_2"": 9.72, ""Test_3"": 0.0, ""Test_4"": 12.42, ""Test_5"": 7.02, ""Test_6"": 0.0, ""sum_click"": 2.323232, ""mod_AAA"": 0.0, ""mod_BBB"": 1.0, ""mod_EEE"": 0.0, ""mod_FFF"": 0.0}"
OULAD,0,aligned,2,2094,CARE,bounded,CARE_bounded,0,below_policy_threshold,34.013000000000005,11.75676965713501,0.6511335972832276,3,"{""Test_1"": 2.75, ""Test_2"": 9.72, ""Test_3"": 0.0, ""Test_4"": 9.31, ""Test_5"": 12.233, ""Test_6"": 0.0, ""sum_click"": 2.397185, ""mod_AAA"": 0.0, ""mod_BBB"": 1.0, ""mod_EEE"": 0.0, ""mod_FFF"": 0.0}"
OULAD,0,aligned,2,2094,CARE,bounded+edit,CARE_bounded+edit,1,OK,40.613,11.75676965713501,0.9844669306165609,4,"{""Test_1"": 2.75, ""Test_2"": 9.72, ""Test_3"": 6.6, ""Test_4"": 9.31, ""Test_5"": 12.233, ""Test_6"": 0.0, ""sum_click"": 2.397185, ""mod_AAA"": 0.0, ""mod_BBB"": 1.0, ""mod_EEE"": 0.0, ""mod_FFF"": 0.0}"
OULAD,0,aligned,2,2173,CARE,native,CARE_native,0,immutable_changed:Test_2,49.25,12.584011554718018,0.6233746355685131,2,"{""Test_1"": 9.0, ""Test_2"": 7.0, ""Test_3"": 11.0, ""Test_4"": 0.0, ""Test_5"": 22.25, ""Test_6"": 0.0, ""sum_click"": 3.211921, ""mod_AAA"": 0.0, ""mod_BBB"": 0.0, ""mod_EEE"": 0.0, ""mod_FFF"": 1.0}"
OULAD,0,aligned,2,2173,CARE,bounded,CARE_bounded,1,OK,56.301,12.584011554718018,1.216975218658892,3,"{""Test_1"": 9.0, ""Test_2"": 2.75, ""Test_3"": 14.225, ""Test_4"": 14.326, ""Test_5"": 16.0, ""Test_6"": 0.0, ""sum_click"": 3.211921, ""mod_AAA"": 0.0, ""mod_BBB"": 0.0, ""mod_EEE"": 0.0, ""mod_FFF"": 1.0}"
OULAD,0,aligned,2,2173,CARE,bounded+edit,CARE_bounded+edit,1,OK,56.301,12.584011554718018,1.216975218658892,3,"{""Test_1"": 9.0, ""Test_2"": 2.75, ""Test_3"": 14.225, ""Test_4"": 14.326, ""Test_5"": 16.0, ""Test_6"": 0.0, ""sum_click"": 3.211921, ""mod_AAA"": 0.0, ""mod_BBB"": 0.0, ""mod_EEE"": 0.0, ""mod_FFF"": 1.0}"
OULAD,0,aligned,2,2334,CARE,native,CARE_native,0,below_policy_threshold;immutable_changed:Test_2,26.756999999999998,12.282641649246216,0.7964724386724387,2,"{""Test_1"": 0.0, ""Test_2"": 6.482, ""Test_3"": 9.902, ""Test_4"": 0.0, ""Test_5"": 10.373, ""Test_6"": 0.0, ""sum_click"": 1.650794, ""mod_AAA"": 0.0, ""mod_BBB"": 1.0, ""mod_EEE"": 0.0, ""mod_FFF"": 0.0}"
OULAD,0,aligned,2,2334,CARE,bounded,CARE_bounded,0,below_policy_threshold,35.15,12.282641649246216,1.4663807462378893,4,"{""Test_1"": 0.0, ""Test_2"": 0.0, ""Test_3"": 7.74, ""Test_4"": 7.56, ""Test_5"": 9.18, ""Test_6"": 10.67, ""sum_click"": 1.650794, ""mod_AAA"": 0.0, ""mod_BBB"": 1.0, ""mod_EEE"": 0.0, ""mod_FFF"": 0.0}"
OULAD,0,aligned,2,2334,CARE,bounded+edit,CARE_bounded+edit,0,below_policy_threshold,35.15,12.282641649246216,1.4663807462378893,4,"{""Test_1"": 0.0, ""Test_2"": 0.0, ""Test_3"": 7.74, ""Test_4"": 7.56, ""Test_5"": 9.18, ""Test_6"": 10.67, ""sum_click"": 1.650794, ""mod_AAA"": 0.0, ""mod_BBB"": 1.0, ""mod_EEE"": 0.0, ""mod_FFF"": 0.0}"
OULAD,0,aligned,2,3224,CARE,native,CARE_native,0,below_policy_threshold,39.165,11.89988398551941,0.9644642857142858,2,"{""Test_1"": 12.16, ""Test_2"": 0.0, ""Test_3"": 13.72, ""Test_4"": 13.285, ""Test_5"": 0.0, ""Test_6"": 0.0, ""sum_click"": 3.703448, ""mod_AAA"": 0.0, ""mod_BBB"": 0.0, ""mod_EEE"": 1.0, ""mod_FFF"": 0.0}"
OULAD,0,aligned,2,3224,CARE,bounded,CARE_bounded,0,below_policy_threshold,39.778,11.89988398551941,1.0957604899763052,3,"{""Test_1"": 12.16, ""Test_2"": 0.0, ""Test_3"": 13.338, ""Test_4"": 14.28, ""Test_5"": 0.0, ""Test_6"": 0.0, ""sum_click"": 3.918023, ""mod_AAA"": 0.0, ""mod_BBB"": 0.0, ""mod_EEE"": 1.0, ""mod_FFF"": 0.0}"
OULAD,0,aligned,2,3224,CARE,bounded+edit,CARE_bounded+edit,1,OK,50.889111111111106,11.89988398551941,1.206871601087416,4,"{""Test_1"": 12.16, ""Test_2"": 0.0, ""Test_3"": 13.338, ""Test_4"": 14.28, ""Test_5"": 11.111111, ""Test_6"": 0.0, ""sum_click"": 3.918023, ""mod_AAA"": 0.0, ""mod_BBB"": 0.0, ""mod_EEE"": 1.0, ""mod_FFF"": 0.0}"
OULAD,0,aligned,2,3585,CARE,native,CARE_native,0,below_policy_threshold;immutable_changed:Test_2,32.539,11.972834587097168,0.5924781341107872,2,"{""Test_1"": 3.0, ""Test_2"": 9.019, ""Test_3"": 0.0, ""Test_4"": 10.62, ""Test_5"": 9.9, ""Test_6"": 0.0, ""sum_click"": 2.247126, ""mod_AAA"": 0.0, ""mod_BBB"": 1.0, ""mod_EEE"": 0.0, ""mod_FFF"": 0.0}"
OULAD,0,aligned,2,3585,CARE,bounded,CARE_bounded,0,below_policy_threshold,34.496,11.972834587097168,0.9304698789526992,3,"{""Test_1"": 3.0, ""Test_2"": 7.38, ""Test_3"": 10.976, ""Test_4"": 0.0, ""Test_5"": 13.14, ""Test_6"": 0.0, ""sum_click"": 2.248889, ""mod_AAA"": 0.0, ""mod_BBB"": 1.0, ""mod_EEE"": 0.0, ""mod_FFF"": 0.0}"
OULAD,0,aligned,2,3585,CARE,bounded+edit,CARE_bounded+edit,1,OK,42.11822222222222,11.972834587097168,1.1526921011749214,4,"{""Test_1"": 3.0, ""Test_2"": 7.38, ""Test_3"": 10.976, ""Test_4"": 7.622222, ""Test_5"": 13.14, ""Test_6"": 0.0, ""sum_click"": 2.248889, ""mod_AAA"": 0.0, ""mod_BBB"": 1.0, ""mod_EEE"": 0.0, ""mod_FFF"": 0.0}"
OULAD,0,aligned,2,4297,CARE,native,CARE_native,0,below_policy_threshold;immutable_changed:Test_2,34.089999999999996,12.822987794876099,0.6239650145772595,2,"{""Test_1"": 2.05, ""Test_2"": 10.44, ""Test_3"": 0.0, ""Test_4"": 11.7, ""Test_5"": 9.9, ""Test_6"": 0.0, ""sum_click"": 2.95, ""mod_AAA"": 0.0, ""mod_BBB"": 1.0, ""mod_EEE"": 0.0, ""mod_FFF"": 0.0}"
OULAD,0,aligned,2,4297,CARE,bounded,CARE_bounded,0,below_policy_threshold,37.717999999999996,12.822987794876099,1.4948639750272403,4,"{""Test_1"": 2.05, ""Test_2"": 0.0, ""Test_3"": 9.888, ""Test_4"": 9.0, ""Test_5"": 7.38, ""Test_6"": 9.4, ""sum_click"": 2.95, ""mod_AAA"": 0.0, ""mod_BBB"": 1.0, ""mod_EEE"": 0.0, ""mod_FFF"": 0.0}"
OULAD,0,aligned,2,4297,CARE,bounded+edit,CARE_bounded+edit,0,below_policy_threshold,37.717999999999996,12.822987794876099,1.4948639750272403,4,"{""Test_1"": 2.05, ""Test_2"": 0.0, ""Test_3"": 9.888, ""Test_4"": 9.0, ""Test_5"": 7.38, ""Test_6"": 9.4, ""sum_click"": 2.95, ""mod_AAA"": 0.0, ""mod_BBB"": 1.0, ""mod_EEE"": 0.0, ""mod_FFF"": 0.0}"
OULAD,0,aligned,2,4417,CARE,native,CARE_native,0,immutable_changed:Test_2;immutable_changed:sum_click,41.364000000000004,12.546499013900757,0.5403383458646617,2,"{""Test_1"": 6.0, ""Test_2"": 9.614, ""Test_3"": 0.0, ""Test_4"": 10.25, ""Test_5"": 15.5, ""Test_6"": 0.0, ""sum_click"": 5.249883, ""mod_AAA"": 0.0, ""mod_BBB"": 0.0, ""mod_EEE"": 0.0, ""mod_FFF"": 1.0}"
OULAD,0,aligned,2,4417,CARE,bounded,CARE_bounded,1,OK,53.400999999999996,12.546499013900757,1.1602881540586159,3,"{""Test_1"": 6.0, ""Test_2"": 7.25, ""Test_3"": 12.781, ""Test_4"": 15.25, ""Test_5"": 12.12, ""Test_6"": 0.0, ""sum_click"": 9.059441, ""mod_AAA"": 0.0, ""mod_BBB"": 0.0, ""mod_EEE"": 0.0, ""mod_FFF"": 1.0}"
OULAD,0,aligned,2,4417,CARE,bounded+edit,CARE_bounded+edit,1,OK,53.400999999999996,12.546499013900757,1.1602881540586159,3,"{""Test_1"": 6.0, ""Test_2"": 7.25, ""Test_3"": 12.781, ""Test_4"": 15.25, ""Test_5"": 12.12, ""Test_6"": 0.0, ""sum_click"": 9.059441, ""mod_AAA"": 0.0, ""mod_BBB"": 0.0, ""mod_EEE"": 0.0, ""mod_FFF"": 1.0}"
OULAD,0,aligned,2,4619,CARE,native,CARE_native,0,below_policy_threshold,30.840999999999998,12.210527420043945,0.5114927113702624,2,"{""Test_1"": 2.0, ""Test_2"": 11.16, ""Test_3"": 0.0, ""Test_4"": 10.841, ""Test_5"": 6.84, ""Test_6"": 0.0, ""sum_click"": 2.616438, ""mod_AAA"": 0.0, ""mod_BBB"": 1.0, ""mod_EEE"": 0.0, ""mod_FFF"": 0.0}"
OULAD,0,aligned,2,4619,CARE,bounded,CARE_bounded,0,below_policy_threshold,32.683,12.210527420043945,0.5668415786274102,3,"{""Test_1"": 2.0, ""Test_2"": 11.16, ""Test_3"": 0.0, ""Test_4"": 6.629, ""Test_5"": 12.894, ""Test_6"": 0.0, ""sum_click"": 2.6276, ""mod_AAA"": 0.0, ""mod_BBB"": 1.0, ""mod_EEE"": 0.0, ""mod_FFF"": 0.0}"
OULAD,0,aligned,2,4619,CARE,bounded+edit,CARE_bounded+edit,1,OK,41.483,12.210527420043945,1.0112860230718548,4,"{""Test_1"": 2.0, ""Test_2"": 11.16, ""Test_3"": 8.8, ""Test_4"": 6.629, ""Test_5"": 12.894, ""Test_6"": 0.0, ""sum_click"": 2.6276, ""mod_AAA"": 0.0, ""mod_BBB"": 1.0, ""mod_EEE"": 0.0, ""mod_FFF"": 0.0}"
OULAD,0,aligned,2,5270,CARE,native,CARE_native,0,below_policy_threshold;out_of_bounds:sum_click;immutable_changed:Test_1;immutable_changed:Test_2,30.622000000000003,13.284099578857422,0.6199097978902387,3,"{""Test_1"": 2.652, ""Test_2"": 10.98, ""Test_3"": 5.76, ""Test_4"": 0.0, ""Test_5"": 11.23, ""Test_6"": 0.0, ""sum_click"": 2.432314, ""mod_AAA"": 0.0, ""mod_BBB"": 1.0, ""mod_EEE"": 0.0, ""mod_FFF"": 0.0}"
OULAD,0,aligned,2,5270,CARE,bounded,CARE_bounded,0,below_policy_threshold,24.192,13.284099578857422,0.718963924963925,2,"{""Test_1"": 4.25, ""Test_2"": 0.0, ""Test_3"": 6.802, ""Test_4"": 0.0, ""Test_5"": 13.14, ""Test_6"": 0.0, ""sum_click"": 2.45122, ""mod_AAA"": 0.0, ""mod_BBB"": 1.0, ""mod_EEE"": 0.0, ""mod_FFF"": 0.0}"
OULAD,0,aligned,2,5270,CARE,bounded+edit,CARE_bounded+edit,0,classifier_target_not_met,43.24755555555555,13.284099578857422,1.2745194805194806,3,"{""Test_1"": 4.25, ""Test_2"": 0.0, ""Test_3"": 6.802, ""Test_4"": 19.055556, ""Test_5"": 13.14, ""Test_6"": 0.0, ""sum_click"": 2.45122, ""mod_AAA"": 0.0, ""mod_BBB"": 1.0, ""mod_EEE"": 0.0, ""mod_FFF"": 0.0}"
OULAD,0,aligned,2,5732,CARE,native,CARE_native,0,below_policy_threshold;immutable_changed:Test_2,35.763999999999996,12.004646301269531,0.6642473422269342,3,"{""Test_1"": 2.85, ""Test_2"": 9.981, ""Test_3"": 0.148, ""Test_4"": 9.9, ""Test_5"": 12.885, ""Test_6"": 0.0, ""sum_click"": 2.760274, ""mod_AAA"": 0.0, ""mod_BBB"": 1.0, ""mod_EEE"": 0.0, ""mod_FFF"": 0.0}"
OULAD,0,aligned,2,5732,CARE,bounded,CARE_bounded,0,below_policy_threshold,33.324999999999996,12.004646301269531,0.8907662337662337,2,"{""Test_1"": 2.85, ""Test_2"": 8.28, ""Test_3"": 11.7, ""Test_4"": 0.0, ""Test_5"": 10.495, ""Test_6"": 0.0, ""sum_click"": 2.760274, ""mod_AAA"": 0.0, ""mod_BBB"": 1.0, ""mod_EEE"": 0.0, ""mod_FFF"": 0.0}"
OULAD,0,aligned,2,5732,CARE,bounded+edit,CARE_bounded+edit,1,OK,40.947222222222216,12.004646301269531,1.112988455988456,3,"{""Test_1"": 2.85, ""Test_2"": 8.28, ""Test_3"": 11.7, ""Test_4"": 7.622222, ""Test_5"": 10.495, ""Test_6"": 0.0, ""sum_click"": 2.760274, ""mod_AAA"": 0.0, ""mod_BBB"": 1.0, ""mod_EEE"": 0.0, ""mod_FFF"": 0.0}"
OULAD,0,aligned,2,5755,CARE,native,CARE_native,0,immutable_changed:Test_2,48.302,12.19326138496399,1.0090381896999885,3,"{""Test_1"": 6.7, ""Test_2"": 8.0, ""Test_3"": 0.0, ""Test_4"": 14.352, ""Test_5"": 19.25, ""Test_6"": 0.0, ""sum_click"": 3.511552, ""mod_AAA"": 0.0, ""mod_BBB"": 0.0, ""mod_EEE"": 0.0, ""mod_FFF"": 1.0}"
OULAD,0,aligned,2,5755,CARE,bounded,CARE_bounded,0,below_policy_threshold,34.482,12.19326138496399,0.5290299125364432,2,"{""Test_1"": 6.7, ""Test_2"": 0.0, ""Test_3"": 9.5, ""Test_4"": 0.0, ""Test_5"": 18.282, ""Test_6"": 0.0, ""sum_click"": 2.612069, ""mod_AAA"": 0.0, ""mod_BBB"": 0.0, ""mod_EEE"": 0.0, ""mod_FFF"": 1.0}"
OULAD,0,aligned,2,5755,CARE,bounded+edit,CARE_bounded+edit,0,classifier_target_not_met,40.39311111111111,12.19326138496399,0.7512521347586654,3,"{""Test_1"": 6.7, ""Test_2"": 0.0, ""Test_3"": 9.5, ""Test_4"": 5.911111, ""Test_5"": 18.282, ""Test_6"": 0.0, ""sum_click"": 2.612069, ""mod_AAA"": 0.0, ""mod_BBB"": 0.0, ""mod_EEE"": 0.0, ""mod_FFF"": 1.0}"
OULAD,0,aligned,2,6570,CARE,native,CARE_native,0,below_policy_threshold;immutable_changed:Test_2,26.060000000000002,12.119211673736572,0.8816611172958749,3,"{""Test_1"": 0.0, ""Test_2"": 6.2, ""Test_3"": 9.6, ""Test_4"": 0.0, ""Test_5"": 10.26, ""Test_6"": 0.0, ""sum_click"": 1.839285, ""mod_AAA"": 0.0, ""mod_BBB"": 1.0, ""mod_EEE"": 0.0, ""mod_FFF"": 0.0}"
OULAD,0,aligned,2,6570,CARE,bounded,CARE_bounded,0,below_policy_threshold,21.42,12.119211673736572,0.7975584415584417,2,"{""Test_1"": 0.0, ""Test_2"": 0.0, ""Test_3"": 8.46, ""Test_4"": 0.0, ""Test_5"": 12.96, ""Test_6"": 0.0, ""sum_click"": 1.5, ""mod_AAA"": 0.0, ""mod_BBB"": 1.0, ""mod_EEE"": 0.0, ""mod_FFF"": 0.0}"
OULAD,0,aligned,2,6570,CARE,bounded+edit,CARE_bounded+edit,0,classifier_target_not_met,40.47555555555556,12.119211673736572,1.3531139971139972,3,"{""Test_1"": 0.0, ""Test_2"": 0.0, ""Test_3"": 8.46, ""Test_4"": 19.055556, ""Test_5"": 12.96, ""Test_6"": 0.0, ""sum_click"": 1.5, ""mod_AAA"": 0.0, ""mod_BBB"": 1.0, ""mod_EEE"": 0.0, ""mod_FFF"": 0.0}"
OULAD,0,aligned,2,7586,CARE,native,CARE_native,0,immutable_changed:Test_2,46.72,12.195537328720093,0.5681705539358601,2,"{""Test_1"": 12.25, ""Test_2"": 6.0, ""Test_3"": 10.72, ""Test_4"": 0.0, ""Test_5"": 17.75, ""Test_6"": 0.0, ""sum_click"": 3.318501, ""mod_AAA"": 0.0, ""mod_BBB"": 0.0, ""mod_EEE"": 0.0, ""mod_FFF"": 1.0}"
OULAD,0,aligned,2,7586,CARE,bounded,CARE_bounded,1,OK,46.528,12.195537328720093,0.9046201792453447,3,"{""Test_1"": 12.25, ""Test_2"": 0.0, ""Test_3"": 0.0, ""Test_4"": 17.75, ""Test_5"": 16.528, ""Test_6"": 0.0, ""sum_click"": 3.501567, ""mod_AAA"": 0.0, ""mod_BBB"": 0.0, ""mod_EEE"": 0.0, ""mod_FFF"": 1.0}"
OULAD,0,aligned,2,7586,CARE,bounded+edit,CARE_bounded+edit,1,OK,46.528,12.195537328720093,0.9046201792453447,3,"{""Test_1"": 12.25, ""Test_2"": 0.0, ""Test_3"": 0.0, ""Test_4"": 17.75, ""Test_5"": 16.528, ""Test_6"": 0.0, ""sum_click"": 3.501567, ""mod_AAA"": 0.0, ""mod_BBB"": 0.0, ""mod_EEE"": 0.0, ""mod_FFF"": 1.0}"
OULAD,0,aligned,2,7594,CARE,native,CARE_native,0,below_policy_threshold;immutable_changed:Test_1,35.186,12.05400276184082,0.8010871955432355,3,"{""Test_1"": 1.776, ""Test_2"": 13.32, ""Test_3"": 6.05, ""Test_4"": 0.0, ""Test_5"": 14.04, ""Test_6"": 0.0, ""sum_click"": 2.634615, ""mod_AAA"": 0.0, ""mod_BBB"": 1.0, ""mod_EEE"": 0.0, ""mod_FFF"": 0.0}"
OULAD,0,aligned,2,7594,CARE,bounded,CARE_bounded,0,below_policy_threshold,33.203,12.05400276184082,0.7682495561953366,4,"{""Test_1"": 0.0, ""Test_2"": 13.32, ""Test_3"": 1.517, ""Test_4"": 11.34, ""Test_5"": 7.026, ""Test_6"": 0.0, ""sum_click"": 2.790179, ""mod_AAA"": 0.0, ""mod_BBB"": 1.0, ""mod_EEE"": 0.0, ""mod_FFF"": 0.0}"
OULAD,0,aligned,2,7594,CARE,bounded+edit,CARE_bounded+edit,1,OK,41.203,12.05400276184082,1.2126940006397808,5,"{""Test_1"": 0.0, ""Test_2"": 13.32, ""Test_3"": 1.517, ""Test_4"": 11.34, ""Test_5"": 7.026, ""Test_6"": 8.0, ""sum_click"": 2.790179, ""mod_AAA"": 0.0, ""mod_BBB"": 1.0, ""mod_EEE"": 0.0, ""mod_FFF"": 0.0}"
OULAD,0,aligned,2,7793,CARE,native,CARE_native,0,below_policy_threshold;immutable_changed:Test_2,34.26,12.25291109085083,0.6696209912536444,2,"{""Test_1"": 1.5, ""Test_2"": 9.54, ""Test_3"": 0.0, ""Test_4"": 10.62, ""Test_5"": 12.6, ""Test_6"": 0.0, ""sum_click"": 2.25, ""mod_AAA"": 0.0, ""mod_BBB"": 1.0, ""mod_EEE"": 0.0, ""mod_FFF"": 0.0}"
OULAD,0,aligned,2,7793,CARE,bounded,CARE_bounded,0,below_policy_threshold,19.854999999999997,12.25291109085083,0.5290437317784257,2,"{""Test_1"": 1.5, ""Test_2"": 0.0, ""Test_3"": 0.0, ""Test_4"": 7.915, ""Test_5"": 10.44, ""Test_6"": 0.0, ""sum_click"": 2.25, ""mod_AAA"": 0.0, ""mod_BBB"": 1.0, ""mod_EEE"": 0.0, ""mod_FFF"": 0.0}"
OULAD,0,aligned,2,7793,CARE,bounded+edit,CARE_bounded+edit,0,below_policy_threshold,19.854999999999997,12.25291109085083,0.5290437317784257,2,"{""Test_1"": 1.5, ""Test_2"": 0.0, ""Test_3"": 0.0, ""Test_4"": 7.915, ""Test_5"": 10.44, ""Test_6"": 0.0, ""sum_click"": 2.25, ""mod_AAA"": 0.0, ""mod_BBB"": 1.0, ""mod_EEE"": 0.0, ""mod_FFF"": 0.0}"
OULAD,0,aligned,2,7841,CARE,native,CARE_native,0,below_policy_threshold;out_of_bounds:sum_click,31.413,13.040904998779297,2.0765215179764365,3,"{""Test_1"": 3.1, ""Test_2"": 10.44, ""Test_3"": 0.0, ""Test_4"": 12.183, ""Test_5"": 5.69, ""Test_6"": 0.0, ""sum_click"": 3.781374, ""mod_AAA"": 0.0, ""mod_BBB"": 1.0, ""mod_EEE"": 0.0, ""mod_FFF"": 0.0}"
OULAD,0,aligned,2,7841,CARE,bounded,CARE_bounded,0,below_policy_threshold,33.364,13.040904998779297,0.5732309037900875,2,"{""Test_1"": 3.1, ""Test_2"": 10.44, ""Test_3"": 0.0, ""Test_4"": 11.715, ""Test_5"": 8.109, ""Test_6"": 0.0, ""sum_click"": 4.385305, ""mod_AAA"": 0.0, ""mod_BBB"": 1.0, ""mod_EEE"": 0.0, ""mod_FFF"": 0.0}"
OULAD,0,aligned,2,7841,CARE,bounded+edit,CARE_bounded+edit,1,OK,42.164,13.040904998779297,1.017675348234532,3,"{""Test_1"": 3.1, ""Test_2"": 10.44, ""Test_3"": 8.8, ""Test_4"": 11.715, ""Test_5"": 8.109, ""Test_6"": 0.0, ""sum_click"": 4.385305, ""mod_AAA"": 0.0, ""mod_BBB"": 1.0, ""mod_EEE"": 0.0, ""mod_FFF"": 0.0}"
OULAD,0,aligned,2,8792,CARE,native,CARE_native,0,below_policy_threshold,37.984,12.57200813293457,0.9737142857142858,2,"{""Test_1"": 10.72, ""Test_2"": 0.0, ""Test_3"": 13.22, ""Test_4"": 14.044, ""Test_5"": 0.0, ""Test_6"": 0.0, ""sum_click"": 4.518519, ""mod_AAA"": 0.0, ""mod_BBB"": 0.0, ""mod_EEE"": 1.0, ""mod_FFF"": 0.0}"
OULAD,0,aligned,2,8792,CARE,bounded,CARE_bounded,0,below_policy_threshold,36.189,12.57200813293457,0.9096071428571428,2,"{""Test_1"": 10.72, ""Test_2"": 0.0, ""Test_3"": 16.101, ""Test_4"": 9.368, ""Test_5"": 0.0, ""Test_6"": 0.0, ""sum_click"": 4.518519, ""mod_AAA"": 0.0, ""mod_BBB"": 0.0, ""mod_EEE"": 1.0, ""mod_FFF"": 0.0}"
OULAD,0,aligned,2,8792,CARE,bounded+edit,CARE_bounded+edit,1,OK,47.30011111111111,12.57200813293457,1.020718253968254,3,"{""Test_1"": 10.72, ""Test_2"": 0.0, ""Test_3"": 16.101, ""Test_4"": 9.368, ""Test_5"": 11.111111, ""Test_6"": 0.0, ""sum_click"": 4.518519, ""mod_AAA"": 0.0, ""mod_BBB"": 0.0, ""mod_EEE"": 1.0, ""mod_FFF"": 0.0}"
OULAD,0,aligned,2,8951,CARE,native,CARE_native,0,below_policy_threshold;immutable_changed:Test_2,33.188,12.16790246963501,0.7926441558441558,2,"{""Test_1"": 2.3, ""Test_2"": 11.16, ""Test_3"": 10.44, ""Test_4"": 0.0, ""Test_5"": 9.288, ""Test_6"": 0.0, ""sum_click"": 2.380952, ""mod_AAA"": 0.0, ""mod_BBB"": 1.0, ""mod_EEE"": 0.0, ""mod_FFF"": 0.0}"
OULAD,0,aligned,2,8951,CARE,bounded,CARE_bounded,0,below_policy_threshold,20.267000000000003,12.16790246963501,0.6628189049399303,3,"{""Test_1"": 2.3, ""Test_2"": 0.0, ""Test_3"": 6.087, ""Test_4"": 0.0, ""Test_5"": 11.88, ""Test_6"": 0.0, ""sum_click"": 2.41914, ""mod_AAA"": 0.0, ""mod_BBB"": 1.0, ""mod_EEE"": 0.0, ""mod_FFF"": 0.0}"
OULAD,0,aligned,2,8951,CARE,bounded+edit,CARE_bounded+edit,0,classifier_target_not_met,43.13366666666667,12.16790246963501,1.3294855716065972,4,"{""Test_1"": 2.3, ""Test_2"": 0.0, ""Test_3"": 6.087, ""Test_4"": 22.866667, ""Test_5"": 11.88, ""Test_6"": 0.0, ""sum_click"": 2.41914, ""mod_AAA"": 0.0, ""mod_BBB"": 1.0, ""mod_EEE"": 0.0, ""mod_FFF"": 0.0}"
OULAD,0,aligned,2,9094,CARE,native,CARE_native,0,immutable_changed:Test_2,43.356,12.45980715751648,0.5272699125364432,2,"{""Test_1"": 8.75, ""Test_2"": 7.0, ""Test_3"": 9.5, ""Test_4"": 0.0, ""Test_5"": 18.106, ""Test_6"": 0.0, ""sum_click"": 3.853261, ""mod_AAA"": 0.0, ""mod_BBB"": 0.0, ""mod_EEE"": 0.0, ""mod_FFF"": 1.0}"
OULAD,0,aligned,2,9094,CARE,bounded,CARE_bounded,1,OK,43.861000000000004,12.45980715751648,0.7640815789473684,2,"{""Test_1"": 8.75, ""Test_2"": 0.0, ""Test_3"": 0.0, ""Test_4"": 14.966, ""Test_5"": 20.145, ""Test_6"": 0.0, ""sum_click"": 3.853261, ""mod_AAA"": 0.0, ""mod_BBB"": 0.0, ""mod_EEE"": 0.0, ""mod_FFF"": 1.0}"
OULAD,0,aligned,2,9094,CARE,bounded+edit,CARE_bounded+edit,1,OK,43.861000000000004,12.45980715751648,0.7640815789473684,2,"{""Test_1"": 8.75, ""Test_2"": 0.0, ""Test_3"": 0.0, ""Test_4"": 14.966, ""Test_5"": 20.145, ""Test_6"": 0.0, ""sum_click"": 3.853261, ""mod_AAA"": 0.0, ""mod_BBB"": 0.0, ""mod_EEE"": 0.0, ""mod_FFF"": 1.0}"
OULAD,0,aligned,2,9290,CARE,native,CARE_native,0,below_policy_threshold;out_of_bounds:sum_click,32.076,12.09372878074646,0.6879263618413106,3,"{""Test_1"": 4.15, ""Test_2"": 9.0, ""Test_3"": 0.0, ""Test_4"": 12.06, ""Test_5"": 6.866, ""Test_6"": 0.0, ""sum_click"": 2.210526, ""mod_AAA"": 0.0, ""mod_BBB"": 1.0, ""mod_EEE"": 0.0, ""mod_FFF"": 0.0}"
OULAD,0,aligned,2,9290,CARE,bounded,CARE_bounded,1,OK,43.897,12.09372878074646,1.4330885071282853,3,"{""Test_1"": 4.15, ""Test_2"": 9.0, ""Test_3"": 0.0, ""Test_4"": 13.247, ""Test_5"": 17.5, ""Test_6"": 0.0, ""sum_click"": 3.754464, ""mod_AAA"": 0.0, ""mod_BBB"": 1.0, ""mod_EEE"": 0.0, ""mod_FFF"": 0.0}"
OULAD,0,aligned,2,9290,CARE,bounded+edit,CARE_bounded+edit,1,OK,43.897,12.09372878074646,1.4330885071282853,3,"{""Test_1"": 4.15, ""Test_2"": 9.0, ""Test_3"": 0.0, ""Test_4"": 13.247, ""Test_5"": 17.5, ""Test_6"": 0.0, ""sum_click"": 3.754464, ""mod_AAA"": 0.0, ""mod_BBB"": 1.0, ""mod_EEE"": 0.0, ""mod_FFF"": 0.0}"
OULAD,0,aligned,2,9414,CARE,native,CARE_native,0,below_policy_threshold;immutable_changed:Test_1;immutable_changed:Test_2,30.227,12.508091449737549,0.8318961038961039,2,"{""Test_1"": 2.4, ""Test_2"": 6.587, ""Test_3"": 10.26, ""Test_4"": 0.0, ""Test_5"": 10.98, ""Test_6"": 0.0, ""sum_click"": 1.980583, ""mod_AAA"": 0.0, ""mod_BBB"": 1.0, ""mod_EEE"": 0.0, ""mod_FFF"": 0.0}"
OULAD,0,aligned,2,9414,CARE,bounded,CARE_bounded,1,OK,42.85000000000001,12.508091449737549,1.58304482139176,4,"{""Test_1"": 3.6, ""Test_2"": 2.7, ""Test_3"": 9.72, ""Test_4"": 8.1, ""Test_5"": 6.84, ""Test_6"": 11.89, ""sum_click"": 1.980583, ""mod_AAA"": 0.0, ""mod_BBB"": 1.0, ""mod_EEE"": 0.0, ""mod_FFF"": 0.0}"
OULAD,0,aligned,2,9414,CARE,bounded+edit,CARE_bounded+edit,1,OK,42.85000000000001,12.508091449737549,1.58304482139176,4,"{""Test_1"": 3.6, ""Test_2"": 2.7, ""Test_3"": 9.72, ""Test_4"": 8.1, ""Test_5"": 6.84, ""Test_6"": 11.89, ""sum_click"": 1.980583, ""mod_AAA"": 0.0, ""mod_BBB"": 1.0, ""mod_EEE"": 0.0, ""mod_FFF"": 0.0}"
OULAD,0,aligned,2,9425,CARE,native,CARE_native,1,OK,40.643,12.427140474319458,0.7024140348515884,2,"{""Test_1"": 12.0, ""Test_2"": 14.28, ""Test_3"": 0.0, ""Test_4"": 14.363, ""Test_5"": 0.0, ""Test_6"": 0.0, ""sum_click"": 4.908292, ""mod_AAA"": 0.0, ""mod_BBB"": 0.0, ""mod_EEE"": 1.0, ""mod_FFF"": 0.0}"
OULAD,0,aligned,2,9425,CARE,bounded,CARE_bounded,1,OK,47.978,12.427140474319458,0.6781594107934037,3,"{""Test_1"": 12.0, ""Test_2"": 14.28, ""Test_3"": 0.0, ""Test_4"": 15.068, ""Test_5"": 6.63, ""Test_6"": 0.0, ""sum_click"": 4.80028, ""mod_AAA"": 0.0, ""mod_BBB"": 0.0, ""mod_EEE"": 1.0, ""mod_FFF"": 0.0}"
OULAD,0,aligned,2,9425,CARE,bounded+edit,CARE_bounded+edit,1,OK,47.978,12.427140474319458,0.6781594107934037,3,"{""Test_1"": 12.0, ""Test_2"": 14.28, ""Test_3"": 0.0, ""Test_4"": 15.068, ""Test_5"": 6.63, ""Test_6"": 0.0, ""sum_click"": 4.80028, ""mod_AAA"": 0.0, ""mod_BBB"": 0.0, ""mod_EEE"": 1.0, ""mod_FFF"": 0.0}"
OULAD,0,aligned,2,9602,CARE,native,CARE_native,0,immutable_changed:Test_2,43.0,12.675232887268066,0.8458971403523591,3,"{""Test_1"": 8.75, ""Test_2"": 9.5, ""Test_3"": 0.0, ""Test_4"": 10.0, ""Test_5"": 14.75, ""Test_6"": 0.0, ""sum_click"": 4.273361, ""mod_AAA"": 0.0, ""mod_BBB"": 0.0, ""mod_EEE"": 0.0, ""mod_FFF"": 1.0}"
OULAD,0,aligned,2,9602,CARE,bounded,CARE_bounded,1,OK,48.129000000000005,12.675232887268066,0.6743293586005831,2,"{""Test_1"": 8.75, ""Test_2"": 5.0, ""Test_3"": 12.5, ""Test_4"": 0.0, ""Test_5"": 21.879, ""Test_6"": 0.0, ""sum_click"": 3.518519, ""mod_AAA"": 0.0, ""mod_BBB"": 0.0, ""mod_EEE"": 0.0, ""mod_FFF"": 1.0}"
OULAD,0,aligned,2,9602,CARE,bounded+edit,CARE_bounded+edit,1,OK,48.129000000000005,12.675232887268066,0.6743293586005831,2,"{""Test_1"": 8.75, ""Test_2"": 5.0, ""Test_3"": 12.5, ""Test_4"": 0.0, ""Test_5"": 21.879, ""Test_6"": 0.0, ""sum_click"": 3.518519, ""mod_AAA"": 0.0, ""mod_BBB"": 0.0, ""mod_EEE"": 0.0, ""mod_FFF"": 1.0}"
OULAD,0,aligned,2,9819,CARE,native,CARE_native,0,below_policy_threshold;immutable_changed:Test_1;immutable_changed:Test_2,34.298,12.284093379974365,0.5923731778425656,2,"{""Test_1"": 3.25, ""Test_2"": 10.528, ""Test_3"": 0.0, ""Test_4"": 10.44, ""Test_5"": 10.08, ""Test_6"": 0.0, ""sum_click"": 2.298413, ""mod_AAA"": 0.0, ""mod_BBB"": 1.0, ""mod_EEE"": 0.0, ""mod_FFF"": 0.0}"
OULAD,0,aligned,2,9819,CARE,bounded,CARE_bounded,0,below_policy_threshold,31.442,12.284093379974365,0.8052784992784993,2,"{""Test_1"": 2.7, ""Test_2"": 7.56, ""Test_3"": 9.122, ""Test_4"": 0.0, ""Test_5"": 12.06, ""Test_6"": 0.0, ""sum_click"": 2.298413, ""mod_AAA"": 0.0, ""mod_BBB"": 1.0, ""mod_EEE"": 0.0, ""mod_FFF"": 0.0}"
OULAD,0,aligned,2,9819,CARE,bounded+edit,CARE_bounded+edit,1,OK,42.87533333333333,12.284093379974365,1.1386118326118326,3,"{""Test_1"": 2.7, ""Test_2"": 7.56, ""Test_3"": 9.122, ""Test_4"": 11.433333, ""Test_5"": 12.06, ""Test_6"": 0.0, ""sum_click"": 2.298413, ""mod_AAA"": 0.0, ""mod_BBB"": 1.0, ""mod_EEE"": 0.0, ""mod_FFF"": 0.0}"
OULAD,0,aligned,2,10215,CARE,native,CARE_native,0,immutable_changed:Test_1;immutable_changed:Test_2,41.563,12.187041759490967,1.0089962392180079,3,"{""Test_1"": 7.887, ""Test_2"": 11.0, ""Test_3"": 0.0, ""Test_4"": 9.75, ""Test_5"": 12.926, ""Test_6"": 0.0, ""sum_click"": 4.297297, ""mod_AAA"": 0.0, ""mod_BBB"": 0.0, ""mod_EEE"": 0.0, ""mod_FFF"": 1.0}"
OULAD,0,aligned,2,10215,CARE,bounded,CARE_bounded,1,OK,48.593,12.187041759490967,0.8038254946348399,3,"{""Test_1"": 7.75, ""Test_2"": 7.5, ""Test_3"": 0.0, ""Test_4"": 15.5, ""Test_5"": 17.843, ""Test_6"": 0.0, ""sum_click"": 2.787471, ""mod_AAA"": 0.0, ""mod_BBB"": 0.0, ""mod_EEE"": 0.0, ""mod_FFF"": 1.0}"
OULAD,0,aligned,2,10215,CARE,bounded+edit,CARE_bounded+edit,1,OK,48.593,12.187041759490967,0.8038254946348399,3,"{""Test_1"": 7.75, ""Test_2"": 7.5, ""Test_3"": 0.0, ""Test_4"": 15.5, ""Test_5"": 17.843, ""Test_6"": 0.0, ""sum_click"": 2.787471, ""mod_AAA"": 0.0, ""mod_BBB"": 0.0, ""mod_EEE"": 0.0, ""mod_FFF"": 1.0}"
OULAD,0,aligned,2,11261,CARE,native,CARE_native,1,OK,40.28,12.35956621170044,1.05,2,"{""Test_1"": 10.88, ""Test_2"": 0.0, ""Test_3"": 13.44, ""Test_4"": 15.96, ""Test_5"": 0.0, ""Test_6"": 0.0, ""sum_click"": 3.294118, ""mod_AAA"": 0.0, ""mod_BBB"": 0.0, ""mod_EEE"": 1.0, ""mod_FFF"": 0.0}"
OULAD,0,aligned,2,11261,CARE,bounded,CARE_bounded,0,below_policy_threshold,38.875,12.35956621170044,0.9998214285714285,2,"{""Test_1"": 10.88, ""Test_2"": 0.0, ""Test_3"": 19.04, ""Test_4"": 8.955, ""Test_5"": 0.0, ""Test_6"": 0.0, ""sum_click"": 3.294118, ""mod_AAA"": 0.0, ""mod_BBB"": 0.0, ""mod_EEE"": 1.0, ""mod_FFF"": 0.0}"
OULAD,0,aligned,2,11261,CARE,bounded+edit,CARE_bounded+edit,1,OK,49.986111111111114,12.35956621170044,1.1109325396825396,3,"{""Test_1"": 10.88, ""Test_2"": 0.0, ""Test_3"": 19.04, ""Test_4"": 8.955, ""Test_5"": 11.111111, ""Test_6"": 0.0, ""sum_click"": 3.294118, ""mod_AAA"": 0.0, ""mod_BBB"": 0.0, ""mod_EEE"": 1.0, ""mod_FFF"": 0.0}"
OULAD,0,aligned,2,11441,CARE,native,CARE_native,0,immutable_changed:Test_2,49.905,12.449831485748291,0.5152499999999999,1,"{""Test_1"": 10.08, ""Test_2"": 25.398, ""Test_3"": 0.0, ""Test_4"": 14.427, ""Test_5"": 0.0, ""Test_6"": 0.0, ""sum_click"": 4.445714, ""mod_AAA"": 0.0, ""mod_BBB"": 0.0, ""mod_EEE"": 1.0, ""mod_FFF"": 0.0}"
OULAD,0,aligned,2,11441,CARE,bounded,CARE_bounded,1,OK,61.77,12.449831485748291,0.6489129188855941,3,"{""Test_1"": 10.08, ""Test_2"": 27.44, ""Test_3"": 0.0, ""Test_4"": 15.68, ""Test_5"": 8.57, ""Test_6"": 0.0, ""sum_click"": 4.449631, ""mod_AAA"": 0.0, ""mod_BBB"": 0.0, ""mod_EEE"": 1.0, ""mod_FFF"": 0.0}"
OULAD,0,aligned,2,11441,CARE,bounded+edit,CARE_bounded+edit,1,OK,61.77,12.449831485748291,0.6489129188855941,3,"{""Test_1"": 10.08, ""Test_2"": 27.44, ""Test_3"": 0.0, ""Test_4"": 15.68, ""Test_5"": 8.57, ""Test_6"": 0.0, ""sum_click"": 4.449631, ""mod_AAA"": 0.0, ""mod_BBB"": 0.0, ""mod_EEE"": 1.0, ""mod_FFF"": 0.0}"
OULAD,0,aligned,2,11613,CARE,native,CARE_native,0,below_policy_threshold,39.385,12.20398998260498,0.9151785714285714,2,"{""Test_1"": 13.76, ""Test_2"": 0.0, ""Test_3"": 17.36, ""Test_4"": 8.265, ""Test_5"": 0.0, ""Test_6"": 0.0, ""sum_click"": 3.983607, ""mod_AAA"": 0.0, ""mod_BBB"": 0.0, ""mod_EEE"": 1.0, ""mod_FFF"": 0.0}"
OULAD,0,aligned,2,11613,CARE,bounded,CARE_bounded,0,below_policy_threshold,39.679,12.20398998260498,0.9256785714285715,2,"{""Test_1"": 13.76, ""Test_2"": 0.0, ""Test_3"": 14.0, ""Test_4"": 11.919, ""Test_5"": 0.0, ""Test_6"": 0.0, ""sum_click"": 3.983607, ""mod_AAA"": 0.0, ""mod_BBB"": 0.0, ""mod_EEE"": 1.0, ""mod_FFF"": 0.0}"
OULAD,0,aligned,2,11613,CARE,bounded+edit,CARE_bounded+edit,1,OK,50.790111111111116,12.20398998260498,1.0367896825396825,3,"{""Test_1"": 13.76, ""Test_2"": 0.0, ""Test_3"": 14.0, ""Test_4"": 11.919, ""Test_5"": 11.111111, ""Test_6"": 0.0, ""sum_click"": 3.983607, ""mod_AAA"": 0.0, ""mod_BBB"": 0.0, ""mod_EEE"": 1.0, ""mod_FFF"": 0.0}"
OULAD,0,aligned,2,11638,CARE,native,CARE_native,0,below_policy_threshold;out_of_bounds:sum_click;immutable_changed:Test_2,39.597,12.47661018371582,1.066249136693037,2,"{""Test_1"": 13.28, ""Test_2"": 10.637, ""Test_3"": 0.0, ""Test_4"": 15.68, ""Test_5"": 0.0, ""Test_6"": 0.0, ""sum_click"": 4.144918, ""mod_AAA"": 0.0, ""mod_BBB"": 0.0, ""mod_EEE"": 1.0, ""mod_FFF"": 0.0}"
OULAD,0,aligned,2,11638,CARE,bounded,CARE_bounded,1,OK,50.419,12.47661018371582,1.3263928571428572,2,"{""Test_1"": 13.28, ""Test_2"": 0.0, ""Test_3"": 18.48, ""Test_4"": 18.659, ""Test_5"": 0.0, ""Test_6"": 0.0, ""sum_click"": 4.655738, ""mod_AAA"": 0.0, ""mod_BBB"": 0.0, ""mod_EEE"": 1.0, ""mod_FFF"": 0.0}"
OULAD,0,aligned,2,11638,CARE,bounded+edit,CARE_bounded+edit,1,OK,50.419,12.47661018371582,1.3263928571428572,2,"{""Test_1"": 13.28, ""Test_2"": 0.0, ""Test_3"": 18.48, ""Test_4"": 18.659, ""Test_5"": 0.0, ""Test_6"": 0.0, ""sum_click"": 4.655738, ""mod_AAA"": 0.0, ""mod_BBB"": 0.0, ""mod_EEE"": 1.0, ""mod_FFF"": 0.0}"
OULAD,0,aligned,2,11681,CARE,native,CARE_native,0,below_policy_threshold;immutable_changed:Test_2,26.250999999999998,12.329334259033203,0.801038961038961,2,"{""Test_1"": 0.0, ""Test_2"": 6.091, ""Test_3"": 10.26, ""Test_4"": 0.0, ""Test_5"": 9.9, ""Test_6"": 0.0, ""sum_click"": 2.058824, ""mod_AAA"": 0.0, ""mod_BBB"": 1.0, ""mod_EEE"": 0.0, ""mod_FFF"": 0.0}"
OULAD,0,aligned,2,11681,CARE,bounded,CARE_bounded,0,below_policy_threshold,14.307,12.329334259033203,0.5117497835497835,2,"{""Test_1"": 0.0, ""Test_2"": 0.0, ""Test_3"": 4.695, ""Test_4"": 0.0, ""Test_5"": 9.612, ""Test_6"": 0.0, ""sum_click"": 2.058824, ""mod_AAA"": 0.0, ""mod_BBB"": 1.0, ""mod_EEE"": 0.0, ""mod_FFF"": 0.0}"
OULAD,0,aligned,2,11681,CARE,bounded+edit,CARE_bounded+edit,0,classifier_target_not_met,40.98477777777778,12.329334259033203,1.2895275613275614,3,"{""Test_1"": 0.0, ""Test_2"": 0.0, ""Test_3"": 4.695, ""Test_4"": 26.677778, ""Test_5"": 9.612, ""Test_6"": 0.0, ""sum_click"": 2.058824, ""mod_AAA"": 0.0, ""mod_BBB"": 1.0, ""mod_EEE"": 0.0, ""mod_FFF"": 0.0}"
OULAD,0,aligned,2,12052,CARE,native,CARE_native,1,OK,42.400000000000006,12.077871084213257,0.47000000000000003,1,"{""Test_1"": 14.4, ""Test_2"": 14.84, ""Test_3"": 0.0, ""Test_4"": 13.16, ""Test_5"": 0.0, ""Test_6"": 0.0, ""sum_click"": 4.177632, ""mod_AAA"": 0.0, ""mod_BBB"": 0.0, ""mod_EEE"": 1.0, ""mod_FFF"": 0.0}"
OULAD,0,aligned,2,12052,CARE,bounded,CARE_bounded,1,OK,44.64,12.077871084213257,0.5499999999999999,1,"{""Test_1"": 14.4, ""Test_2"": 14.84, ""Test_3"": 15.4, ""Test_4"": 0.0, ""Test_5"": 0.0, ""Test_6"": 0.0, ""sum_click"": 4.177632, ""mod_AAA"": 0.0, ""mod_BBB"": 0.0, ""mod_EEE"": 1.0, ""mod_FFF"": 0.0}"
OULAD,0,aligned,2,12052,CARE,bounded+edit,CARE_bounded+edit,1,OK,44.64,12.077871084213257,0.5499999999999999,1,"{""Test_1"": 14.4, ""Test_2"": 14.84, ""Test_3"": 15.4, ""Test_4"": 0.0, ""Test_5"": 0.0, ""Test_6"": 0.0, ""sum_click"": 4.177632, ""mod_AAA"": 0.0, ""mod_BBB"": 0.0, ""mod_EEE"": 1.0, ""mod_FFF"": 0.0}"
OULAD,0,aligned,2,12473,CARE,native,CARE_native,1,OK,47.352999999999994,12.684394836425781,1.2168928571428572,2,"{""Test_1"": 13.28, ""Test_2"": 0.0, ""Test_3"": 14.112, ""Test_4"": 19.961, ""Test_5"": 0.0, ""Test_6"": 0.0, ""sum_click"": 3.146341, ""mod_AAA"": 0.0, ""mod_BBB"": 0.0, ""mod_EEE"": 1.0, ""mod_FFF"": 0.0}"
OULAD,0,aligned,2,12473,CARE,bounded,CARE_bounded,1,OK,40.209,12.684394836425781,0.9764911748886959,3,"{""Test_1"": 13.28, ""Test_2"": 0.0, ""Test_3"": 12.89, ""Test_4"": 14.039, ""Test_5"": 0.0, ""Test_6"": 0.0, ""sum_click"": 3.183466, ""mod_AAA"": 0.0, ""mod_BBB"": 0.0, ""mod_EEE"": 1.0, ""mod_FFF"": 0.0}"
OULAD,0,aligned,2,12473,CARE,bounded+edit,CARE_bounded+edit,1,OK,40.209,12.684394836425781,0.9764911748886959,3,"{""Test_1"": 13.28, ""Test_2"": 0.0, ""Test_3"": 12.89, ""Test_4"": 14.039, ""Test_5"": 0.0, ""Test_6"": 0.0, ""sum_click"": 3.183466, ""mod_AAA"": 0.0, ""mod_BBB"": 0.0, ""mod_EEE"": 1.0, ""mod_FFF"": 0.0}"
OULAD,0,aligned,2,13180,CARE,native,CARE_native,1,OK,44.608000000000004,12.98519778251648,0.6601967930029154,2,"{""Test_1"": 9.5, ""Test_2"": 3.75, ""Test_3"": 13.108, ""Test_4"": 0.0, ""Test_5"": 18.25, ""Test_6"": 0.0, ""sum_click"": 4.102941, ""mod_AAA"": 0.0, ""mod_BBB"": 0.0, ""mod_EEE"": 0.0, ""mod_FFF"": 1.0}"
OULAD,0,aligned,2,13180,CARE,bounded,CARE_bounded,1,OK,43.048,12.98519778251648,0.6734403570617841,3,"{""Test_1"": 9.5, ""Test_2"": 3.75, ""Test_3"": 13.59, ""Test_4"": 0.0, ""Test_5"": 16.208, ""Test_6"": 0.0, ""sum_click"": 4.131217, ""mod_AAA"": 0.0, ""mod_BBB"": 0.0, ""mod_EEE"": 0.0, ""mod_FFF"": 1.0}"
OULAD,0,aligned,2,13180,CARE,bounded+edit,CARE_bounded+edit,1,OK,43.048,12.98519778251648,0.6734403570617841,3,"{""Test_1"": 9.5, ""Test_2"": 3.75, ""Test_3"": 13.59, ""Test_4"": 0.0, ""Test_5"": 16.208, ""Test_6"": 0.0, ""sum_click"": 4.131217, ""mod_AAA"": 0.0, ""mod_BBB"": 0.0, ""mod_EEE"": 0.0, ""mod_FFF"": 1.0}"
OULAD,0,aligned,2,13583,CARE,native,CARE_native,0,below_policy_threshold,33.129999999999995,11.927391052246094,0.5608862973760933,2,"{""Test_1"": 3.25, ""Test_2"": 10.44, ""Test_3"": 0.0, ""Test_4"": 9.36, ""Test_5"": 10.08, ""Test_6"": 0.0, ""sum_click"": 2.918919, ""mod_AAA"": 0.0, ""mod_BBB"": 1.0, ""mod_EEE"": 0.0, ""mod_FFF"": 0.0}"
OULAD,0,aligned,2,13583,CARE,bounded,CARE_bounded,0,below_policy_threshold,33.571,11.927391052246094,0.5723784256559766,2,"{""Test_1"": 3.25, ""Test_2"": 10.44, ""Test_3"": 0.0, ""Test_4"": 7.46, ""Test_5"": 12.421, ""Test_6"": 0.0, ""sum_click"": 2.918919, ""mod_AAA"": 0.0, ""mod_BBB"": 1.0, ""mod_EEE"": 0.0, ""mod_FFF"": 0.0}"
OULAD,0,aligned,2,13583,CARE,bounded+edit,CARE_bounded+edit,1,OK,40.171,11.927391052246094,0.90571175898931,3,"{""Test_1"": 3.25, ""Test_2"": 10.44, ""Test_3"": 6.6, ""Test_4"": 7.46, ""Test_5"": 12.421, ""Test_6"": 0.0, ""sum_click"": 2.918919, ""mod_AAA"": 0.0, ""mod_BBB"": 1.0, ""mod_EEE"": 0.0, ""mod_FFF"": 0.0}"
OULAD,0,aligned,3,184,CARE,native,CARE_native,0,below_policy_threshold,33.411,11.576781511306763,0.5573236151603499,2,"{""Test_1"": 3.25, ""Test_2"": 10.8, ""Test_3"": 0.0, ""Test_4"": 7.121, ""Test_5"": 12.24, ""Test_6"": 0.0, ""sum_click"": 2.072034, ""mod_AAA"": 0.0, ""mod_BBB"": 1.0, ""mod_EEE"": 0.0, ""mod_FFF"": 0.0}"
OULAD,0,aligned,3,184,CARE,bounded,CARE_bounded,0,below_policy_threshold,34.952000000000005,11.576781511306763,0.6298730235074778,3,"{""Test_1"": 3.25, ""Test_2"": 10.8, ""Test_3"": 0.0, ""Test_4"": 11.348, ""Test_5"": 9.554, ""Test_6"": 0.0, ""sum_click"": 2.142404, ""mod_AAA"": 0.0, ""mod_BBB"": 1.0, ""mod_EEE"": 0.0, ""mod_FFF"": 0.0}"
OULAD,0,aligned,3,184,CARE,bounded+edit,CARE_bounded+edit,0,classifier_target_not_met,40.952000000000005,11.576781511306763,0.963206356840811,4,"{""Test_1"": 3.25, ""Test_2"": 10.8, ""Test_3"": 0.0, ""Test_4"": 11.348, ""Test_5"": 9.554, ""Test_6"": 6.0, ""sum_click"": 2.142404, ""mod_AAA"": 0.0, ""mod_BBB"": 1.0, ""mod_EEE"": 0.0, ""mod_FFF"": 0.0}"
OULAD,0,aligned,3,1194,CARE,native,CARE_native,0,immutable_changed:Test_2;immutable_changed:Test_3,45.993,12.069571495056152,0.1675,1,"{""Test_1"": 11.75, ""Test_2"": 7.993, ""Test_3"": 9.5, ""Test_4"": 0.0, ""Test_5"": 16.75, ""Test_6"": 0.0, ""sum_click"": 3.294286, ""mod_AAA"": 0.0, ""mod_BBB"": 0.0, ""mod_EEE"": 0.0, ""mod_FFF"": 1.0}"
OULAD,0,aligned,3,1194,CARE,bounded,CARE_bounded,1,OK,51.286,12.069571495056152,1.4520469408087515,3,"{""Test_1"": 11.75, ""Test_2"": 4.5, ""Test_3"": 0.0, ""Test_4"": 16.286, ""Test_5"": 18.75, ""Test_6"": 0.0, ""sum_click"": 4.967504, ""mod_AAA"": 0.0, ""mod_BBB"": 0.0, ""mod_EEE"": 0.0, ""mod_FFF"": 1.0}"
OULAD,0,aligned,3,1194,CARE,bounded+edit,CARE_bounded+edit,1,OK,51.286,12.069571495056152,1.4520469408087515,3,"{""Test_1"": 11.75, ""Test_2"": 4.5, ""Test_3"": 0.0, ""Test_4"": 16.286, ""Test_5"": 18.75, ""Test_6"": 0.0, ""sum_click"": 4.967504, ""mod_AAA"": 0.0, ""mod_BBB"": 0.0, ""mod_EEE"": 0.0, ""mod_FFF"": 1.0}"
OULAD,0,aligned,3,1254,CARE,native,CARE_native,0,below_policy_threshold;immutable_changed:Test_1,29.962000000000003,12.097811222076416,0.3620991253644315,1,"{""Test_1"": 3.142, ""Test_2"": 14.4, ""Test_3"": 0.0, ""Test_4"": 12.42, ""Test_5"": 0.0, ""Test_6"": 0.0, ""sum_click"": 2.454545, ""mod_AAA"": 0.0, ""mod_BBB"": 1.0, ""mod_EEE"": 0.0, ""mod_FFF"": 0.0}"
OULAD,0,aligned,3,1254,CARE,bounded,CARE_bounded,1,OK,44.163,12.097811222076416,0.7327834936897232,3,"{""Test_1"": 4.75, ""Test_2"": 14.4, ""Test_3"": 0.0, ""Test_4"": 12.78, ""Test_5"": 12.233, ""Test_6"": 0.0, ""sum_click"": 2.479291, ""mod_AAA"": 0.0, ""mod_BBB"": 1.0, ""mod_EEE"": 0.0, ""mod_FFF"": 0.0}"
OULAD,0,aligned,3,1254,CARE,bounded+edit,CARE_bounded+edit,1,OK,44.163,12.097811222076416,0.7327834936897232,3,"{""Test_1"": 4.75, ""Test_2"": 14.4, ""Test_3"": 0.0, ""Test_4"": 12.78, ""Test_5"": 12.233, ""Test_6"": 0.0, ""sum_click"": 2.479291, ""mod_AAA"": 0.0, ""mod_BBB"": 1.0, ""mod_EEE"": 0.0, ""mod_FFF"": 0.0}"
OULAD,0,aligned,3,1768,CARE,native,CARE_native,0,immutable_changed:Test_2,41.25,12.005486726760864,0.1475,1,"{""Test_1"": 6.0, ""Test_2"": 9.5, ""Test_3"": 11.0, ""Test_4"": 0.0, ""Test_5"": 14.75, ""Test_6"": 0.0, ""sum_click"": 3.330097, ""mod_AAA"": 0.0, ""mod_BBB"": 0.0, ""mod_EEE"": 0.0, ""mod_FFF"": 1.0}"
OULAD,0,aligned,3,1768,CARE,bounded,CARE_bounded,1,OK,43.0,12.005486726760864,0.6293277479135758,3,"{""Test_1"": 6.0, ""Test_2"": 0.0, ""Test_3"": 11.0, ""Test_4"": 13.0, ""Test_5"": 13.0, ""Test_6"": 0.0, ""sum_click"": 3.356923, ""mod_AAA"": 0.0, ""mod_BBB"": 0.0, ""mod_EEE"": 0.0, ""mod_FFF"": 1.0}"
OULAD,0,aligned,3,1768,CARE,bounded+edit,CARE_bounded+edit,1,OK,43.0,12.005486726760864,0.6293277479135758,3,"{""Test_1"": 6.0, ""Test_2"": 0.0, ""Test_3"": 11.0, ""Test_4"": 13.0, ""Test_5"": 13.0, ""Test_6"": 0.0, ""sum_click"": 3.356923, ""mod_AAA"": 0.0, ""mod_BBB"": 0.0, ""mod_EEE"": 0.0, ""mod_FFF"": 1.0}"
OULAD,0,aligned,3,2117,CARE,native,CARE_native,0,immutable_changed:Test_3,45.873000000000005,12.167571306228638,0.19089902255639096,2,"{""Test_1"": 8.5, ""Test_2"": 4.5, ""Test_3"": 14.048, ""Test_4"": 0.096, ""Test_5"": 18.729, ""Test_6"": 0.0, ""sum_click"": 5.755725, ""mod_AAA"": 0.0, ""mod_BBB"": 0.0, ""mod_EEE"": 0.0, ""mod_FFF"": 1.0}"
OULAD,0,aligned,3,2117,CARE,bounded,CARE_bounded,0,immutable_changed:Test_3,40.846999999999994,12.167571306228638,0.23324797095993943,2,"{""Test_1"": 8.5, ""Test_2"": 4.5, ""Test_3"": 8.171, ""Test_4"": 0.0, ""Test_5"": 19.676, ""Test_6"": 0.0, ""sum_click"": 5.759509, ""mod_AAA"": 0.0, ""mod_BBB"": 0.0, ""mod_EEE"": 0.0, ""mod_FFF"": 1.0}"
OULAD,0,aligned,3,2117,CARE,bounded+edit,CARE_bounded+edit,0,immutable_changed:Test_3,40.846999999999994,12.167571306228638,0.23324797095993943,2,"{""Test_1"": 8.5, ""Test_2"": 4.5, ""Test_3"": 8.171, ""Test_4"": 0.0, ""Test_5"": 19.676, ""Test_6"": 0.0, ""sum_click"": 5.759509, ""mod_AAA"": 0.0, ""mod_BBB"": 0.0, ""mod_EEE"": 0.0, ""mod_FFF"": 1.0}"
OULAD,0,aligned,3,2160,CARE,native,CARE_native,0,below_policy_threshold;immutable_changed:Test_1,29.914,11.800678491592407,0.37040918885847873,2,"{""Test_1"": 1.728, ""Test_2"": 10.0, ""Test_3"": 7.6, ""Test_4"": 0.0, ""Test_5"": 10.586, ""Test_6"": 0.0, ""sum_click"": 1.847794, ""mod_AAA"": 1.0, ""mod_BBB"": 0.0, ""mod_EEE"": 0.0, ""mod_FFF"": 0.0}"
OULAD,0,aligned,3,2160,CARE,bounded,CARE_bounded,0,below_policy_threshold,30.494999999999997,11.800678491592407,0.3739795918367347,1,"{""Test_1"": 1.9, ""Test_2"": 10.0, ""Test_3"": 7.6, ""Test_4"": 0.0, ""Test_5"": 10.995, ""Test_6"": 0.0, ""sum_click"": 1.818898, ""mod_AAA"": 1.0, ""mod_BBB"": 0.0, ""mod_EEE"": 0.0, ""mod_FFF"": 0.0}"
OULAD,0,aligned,3,2160,CARE,bounded+edit,CARE_bounded+edit,1,OK,40.60611111111111,11.800678491592407,0.8184240362811791,2,"{""Test_1"": 1.9, ""Test_2"": 10.0, ""Test_3"": 7.6, ""Test_4"": 10.111111, ""Test_5"": 10.995, ""Test_6"": 0.0, ""sum_click"": 1.818898, ""mod_AAA"": 1.0, ""mod_BBB"": 0.0, ""mod_EEE"": 0.0, ""mod_FFF"": 0.0}"
OULAD,0,aligned,3,2967,CARE,native,CARE_native,0,immutable_changed:Test_1;immutable_changed:Test_2,51.844,12.477319240570068,0.6720678195488722,2,"{""Test_1"": 9.75, ""Test_2"": 8.0, ""Test_3"": 0.0, ""Test_4"": 12.0, ""Test_5"": 22.094, ""Test_6"": 0.0, ""sum_click"": 3.098592, ""mod_AAA"": 0.0, ""mod_BBB"": 0.0, ""mod_EEE"": 0.0, ""mod_FFF"": 1.0}"
OULAD,0,aligned,3,2967,CARE,bounded,CARE_bounded,1,OK,44.885000000000005,12.477319240570068,0.8179477443609022,2,"{""Test_1"": 10.0, ""Test_2"": 0.0, ""Test_3"": 0.0, ""Test_4"": 17.0, ""Test_5"": 17.885, ""Test_6"": 0.0, ""sum_click"": 3.098592, ""mod_AAA"": 0.0, ""mod_BBB"": 0.0, ""mod_EEE"": 0.0, ""mod_FFF"": 1.0}"
OULAD,0,aligned,3,2967,CARE,bounded+edit,CARE_bounded+edit,1,OK,44.885000000000005,12.477319240570068,0.8179477443609022,2,"{""Test_1"": 10.0, ""Test_2"": 0.0, ""Test_3"": 0.0, ""Test_4"": 17.0, ""Test_5"": 17.885, ""Test_6"": 0.0, ""sum_click"": 3.098592, ""mod_AAA"": 0.0, ""mod_BBB"": 0.0, ""mod_EEE"": 0.0, ""mod_FFF"": 1.0}"
OULAD,0,aligned,3,3244,CARE,native,CARE_native,0,below_policy_threshold,32.49,11.981080770492554,0.4856291545189505,2,"{""Test_1"": 4.0, ""Test_2"": 11.7, ""Test_3"": 0.0, ""Test_4"": 10.144, ""Test_5"": 6.646, ""Test_6"": 0.0, ""sum_click"": 2.294118, ""mod_AAA"": 0.0, ""mod_BBB"": 1.0, ""mod_EEE"": 0.0, ""mod_FFF"": 0.0}"
OULAD,0,aligned,3,3244,CARE,bounded,CARE_bounded,0,below_policy_threshold,35.673,11.981080770492554,0.5750169096209913,2,"{""Test_1"": 4.0, ""Test_2"": 11.7, ""Test_3"": 0.0, ""Test_4"": 7.477, ""Test_5"": 12.496, ""Test_6"": 0.0, ""sum_click"": 2.294118, ""mod_AAA"": 0.0, ""mod_BBB"": 1.0, ""mod_EEE"": 0.0, ""mod_FFF"": 0.0}"
OULAD,0,aligned,3,3244,CARE,bounded+edit,CARE_bounded+edit,1,OK,41.673,11.981080770492554,0.9083502429543246,3,"{""Test_1"": 4.0, ""Test_2"": 11.7, ""Test_3"": 0.0, ""Test_4"": 7.477, ""Test_5"": 12.496, ""Test_6"": 6.0, ""sum_click"": 2.294118, ""mod_AAA"": 0.0, ""mod_BBB"": 1.0, ""mod_EEE"": 0.0, ""mod_FFF"": 0.0}"
OULAD,0,aligned,3,3335,CARE,native,CARE_native,0,immutable_changed:Test_1,43.5,12.250174522399902,0.7735168189690174,3,"{""Test_1"": 12.5, ""Test_2"": 11.25, ""Test_3"": 0.0, ""Test_4"": 10.0, ""Test_5"": 9.75, ""Test_6"": 0.0, ""sum_click"": 3.696527, ""mod_AAA"": 0.0, ""mod_BBB"": 0.0, ""mod_EEE"": 0.0, ""mod_FFF"": 1.0}"
OULAD,0,aligned,3,3335,CARE,bounded,CARE_bounded,1,OK,40.022,12.250174522399902,0.32983638467950366,2,"{""Test_1"": 11.0, ""Test_2"": 11.25, ""Test_3"": 0.0, ""Test_4"": 0.0, ""Test_5"": 17.772, ""Test_6"": 0.0, ""sum_click"": 3.2393, ""mod_AAA"": 0.0, ""mod_BBB"": 0.0, ""mod_EEE"": 0.0, ""mod_FFF"": 1.0}"
OULAD,0,aligned,3,3335,CARE,bounded+edit,CARE_bounded+edit,1,OK,40.022,12.250174522399902,0.32983638467950366,2,"{""Test_1"": 11.0, ""Test_2"": 11.25, ""Test_3"": 0.0, ""Test_4"": 0.0, ""Test_5"": 17.772, ""Test_6"": 0.0, ""sum_click"": 3.2393, ""mod_AAA"": 0.0, ""mod_BBB"": 0.0, ""mod_EEE"": 0.0, ""mod_FFF"": 1.0}"
OULAD,0,aligned,3,3902,CARE,native,CARE_native,0,immutable_changed:Test_1;immutable_changed:Test_2,44.5,11.941278219223022,1.2301042104532427,3,"{""Test_1"": 8.5, ""Test_2"": 7.5, ""Test_3"": 0.0, ""Test_4"": 9.75, ""Test_5"": 18.75, ""Test_6"": 0.0, ""sum_click"": 4.285277, ""mod_AAA"": 0.0, ""mod_BBB"": 0.0, ""mod_EEE"": 0.0, ""mod_FFF"": 1.0}"
OULAD,0,aligned,3,3902,CARE,bounded,CARE_bounded,0,immutable_changed:Test_3,43.175,11.941278219223022,1.1184161478061627,3,"{""Test_1"": 10.5, ""Test_2"": 0.0, ""Test_3"": 14.175, ""Test_4"": 12.75, ""Test_5"": 5.75, ""Test_6"": 0.0, ""sum_click"": 3.826207, ""mod_AAA"": 0.0, ""mod_BBB"": 0.0, ""mod_EEE"": 0.0, ""mod_FFF"": 1.0}"
OULAD,0,aligned,3,3902,CARE,bounded+edit,CARE_bounded+edit,0,immutable_changed:Test_3,43.175,11.941278219223022,1.1184161478061627,3,"{""Test_1"": 10.5, ""Test_2"": 0.0, ""Test_3"": 14.175, ""Test_4"": 12.75, ""Test_5"": 5.75, ""Test_6"": 0.0, ""sum_click"": 3.826207, ""mod_AAA"": 0.0, ""mod_BBB"": 0.0, ""mod_EEE"": 0.0, ""mod_FFF"": 1.0}"
OULAD,0,aligned,3,5001,CARE,native,CARE_native,0,below_policy_threshold;immutable_changed:Test_3,35.384,11.672688007354736,0.33942857142857147,1,"{""Test_1"": 4.35, ""Test_2"": 13.14, ""Test_3"": 6.014, ""Test_4"": 0.0, ""Test_5"": 11.88, ""Test_6"": 0.0, ""sum_click"": 2.721519, ""mod_AAA"": 0.0, ""mod_BBB"": 1.0, ""mod_EEE"": 0.0, ""mod_FFF"": 0.0}"
OULAD,0,aligned,3,5001,CARE,bounded,CARE_bounded,0,below_policy_threshold,38.357,11.672688007354736,0.6029714285714285,2,"{""Test_1"": 4.35, ""Test_2"": 13.14, ""Test_3"": 0.0, ""Test_4"": 11.613, ""Test_5"": 9.254, ""Test_6"": 0.0, ""sum_click"": 2.721519, ""mod_AAA"": 0.0, ""mod_BBB"": 1.0, ""mod_EEE"": 0.0, ""mod_FFF"": 0.0}"
OULAD,0,aligned,3,5001,CARE,bounded+edit,CARE_bounded+edit,1,OK,40.357,11.672688007354736,0.7140825396825397,3,"{""Test_1"": 4.35, ""Test_2"": 13.14, ""Test_3"": 0.0, ""Test_4"": 11.613, ""Test_5"": 9.254, ""Test_6"": 2.0, ""sum_click"": 2.721519, ""mod_AAA"": 0.0, ""mod_BBB"": 1.0, ""mod_EEE"": 0.0, ""mod_FFF"": 0.0}"
OULAD,0,aligned,3,5758,CARE,native,CARE_native,0,below_policy_threshold;immutable_changed:Test_1;immutable_changed:Test_2,39.468999999999994,12.160598039627075,0.21009196841395733,2,"{""Test_1"": 6.874, ""Test_2"": 7.75, ""Test_3"": 18.25, ""Test_4"": 0.0, ""Test_5"": 6.595, ""Test_6"": 0.0, ""sum_click"": 4.640977, ""mod_AAA"": 0.0, ""mod_BBB"": 0.0, ""mod_EEE"": 0.0, ""mod_FFF"": 1.0}"
OULAD,0,aligned,3,5758,CARE,bounded,CARE_bounded,0,below_policy_threshold,33.603,12.160598039627075,0.20402510256357517,2,"{""Test_1"": 6.7, ""Test_2"": 0.0, ""Test_3"": 18.25, ""Test_4"": 0.0, ""Test_5"": 8.653, ""Test_6"": 0.0, ""sum_click"": 4.603041, ""mod_AAA"": 0.0, ""mod_BBB"": 0.0, ""mod_EEE"": 0.0, ""mod_FFF"": 1.0}"
OULAD,0,aligned,3,5758,CARE,bounded+edit,CARE_bounded+edit,1,OK,42.46966666666666,12.160598039627075,0.5373584358969085,3,"{""Test_1"": 6.7, ""Test_2"": 0.0, ""Test_3"": 18.25, ""Test_4"": 8.866667, ""Test_5"": 8.653, ""Test_6"": 0.0, ""sum_click"": 4.603041, ""mod_AAA"": 0.0, ""mod_BBB"": 0.0, ""mod_EEE"": 0.0, ""mod_FFF"": 1.0}"
OULAD,0,aligned,3,5815,CARE,native,CARE_native,0,below_policy_threshold,37.853,12.078224182128906,0.5860740524781342,2,"{""Test_1"": 3.8, ""Test_2"": 13.68, ""Test_3"": 0.0, ""Test_4"": 6.84, ""Test_5"": 13.533, ""Test_6"": 0.0, ""sum_click"": 2.179054, ""mod_AAA"": 0.0, ""mod_BBB"": 1.0, ""mod_EEE"": 0.0, ""mod_FFF"": 0.0}"
OULAD,0,aligned,3,5815,CARE,bounded,CARE_bounded,0,below_policy_threshold,36.269999999999996,12.078224182128906,0.5513515879235498,3,"{""Test_1"": 3.8, ""Test_2"": 13.68, ""Test_3"": 0.0, ""Test_4"": 6.49, ""Test_5"": 12.3, ""Test_6"": 0.0, ""sum_click"": 2.206833, ""mod_AAA"": 0.0, ""mod_BBB"": 1.0, ""mod_EEE"": 0.0, ""mod_FFF"": 0.0}"
OULAD,0,aligned,3,5815,CARE,bounded+edit,CARE_bounded+edit,1,OK,40.269999999999996,12.078224182128906,0.773573810145772,4,"{""Test_1"": 3.8, ""Test_2"": 13.68, ""Test_3"": 0.0, ""Test_4"": 6.49, ""Test_5"": 12.3, ""Test_6"": 4.0, ""sum_click"": 2.206833, ""mod_AAA"": 0.0, ""mod_BBB"": 1.0, ""mod_EEE"": 0.0, ""mod_FFF"": 0.0}"
OULAD,0,aligned,3,6093,CARE,native,CARE_native,1,OK,44.25,11.805299520492554,0.1825,1,"{""Test_1"": 9.0, ""Test_2"": 5.0, ""Test_3"": 12.0, ""Test_4"": 0.0, ""Test_5"": 18.25, ""Test_6"": 0.0, ""sum_click"": 3.753247, ""mod_AAA"": 0.0, ""mod_BBB"": 0.0, ""mod_EEE"": 0.0, ""mod_FFF"": 1.0}"
OULAD,0,aligned,3,6093,CARE,bounded,CARE_bounded,1,OK,44.089,11.805299520492554,0.38071979753766294,2,"{""Test_1"": 9.0, ""Test_2"": 5.0, ""Test_3"": 12.0, ""Test_4"": 0.0, ""Test_5"": 18.089, ""Test_6"": 0.0, ""sum_click"": 4.174124, ""mod_AAA"": 0.0, ""mod_BBB"": 0.0, ""mod_EEE"": 0.0, ""mod_FFF"": 1.0}"
OULAD,0,aligned,3,6093,CARE,bounded+edit,CARE_bounded+edit,1,OK,44.089,11.805299520492554,0.38071979753766294,2,"{""Test_1"": 9.0, ""Test_2"": 5.0, ""Test_3"": 12.0, ""Test_4"": 0.0, ""Test_5"": 18.089, ""Test_6"": 0.0, ""sum_click"": 4.174124, ""mod_AAA"": 0.0, ""mod_BBB"": 0.0, ""mod_EEE"": 0.0, ""mod_FFF"": 1.0}"
OULAD,0,aligned,3,6872,CARE,native,CARE_native,0,immutable_changed:Test_1;immutable_changed:Test_2;immutable_changed:Test_3,41.345,13.559516906738281,0.185,1,"{""Test_1"": 7.75, ""Test_2"": 6.243, ""Test_3"": 8.852, ""Test_4"": 0.0, ""Test_5"": 18.5, ""Test_6"": 0.0, ""sum_click"": 3.76087, ""mod_AAA"": 0.0, ""mod_BBB"": 0.0, ""mod_EEE"": 0.0, ""mod_FFF"": 1.0}"
OULAD,0,aligned,3,6872,CARE,bounded,CARE_bounded,1,OK,71.844,13.559516906738281,0.62344,1,"{""Test_1"": 9.5, ""Test_2"": 0.0, ""Test_3"": 0.0, ""Test_4"": 0.0, ""Test_5"": 62.344, ""Test_6"": 0.0, ""sum_click"": 3.76087, ""mod_AAA"": 0.0, ""mod_BBB"": 0.0, ""mod_EEE"": 0.0, ""mod_FFF"": 1.0}"
OULAD,0,aligned,3,6872,CARE,bounded+edit,CARE_bounded+edit,1,OK,71.844,13.559516906738281,0.62344,1,"{""Test_1"": 9.5, ""Test_2"": 0.0, ""Test_3"": 0.0, ""Test_4"": 0.0, ""Test_5"": 62.344, ""Test_6"": 0.0, ""sum_click"": 3.76087, ""mod_AAA"": 0.0, ""mod_BBB"": 0.0, ""mod_EEE"": 0.0, ""mod_FFF"": 1.0}"
OULAD,0,aligned,3,7000,CARE,native,CARE_native,0,immutable_changed:Test_2;immutable_changed:Test_3,43.347,11.97531247138977,0.12868000000000002,1,"{""Test_1"": 10.5, ""Test_2"": 7.5, ""Test_3"": 12.479, ""Test_4"": 0.0, ""Test_5"": 12.868, ""Test_6"": 0.0, ""sum_click"": 3.281955, ""mod_AAA"": 0.0, ""mod_BBB"": 0.0, ""mod_EEE"": 0.0, ""mod_FFF"": 1.0}"
OULAD,0,aligned,3,7000,CARE,bounded,CARE_bounded,1,OK,70.23400000000001,11.97531247138977,0.54234,1,"{""Test_1"": 10.5, ""Test_2"": 2.25, ""Test_3"": 3.25, ""Test_4"": 0.0, ""Test_5"": 54.234, ""Test_6"": 0.0, ""sum_click"": 3.281955, ""mod_AAA"": 0.0, ""mod_BBB"": 0.0, ""mod_EEE"": 0.0, ""mod_FFF"": 1.0}"
OULAD,0,aligned,3,7000,CARE,bounded+edit,CARE_bounded+edit,1,OK,70.23400000000001,11.97531247138977,0.54234,1,"{""Test_1"": 10.5, ""Test_2"": 2.25, ""Test_3"": 3.25, ""Test_4"": 0.0, ""Test_5"": 54.234, ""Test_6"": 0.0, ""sum_click"": 3.281955, ""mod_AAA"": 0.0, ""mod_BBB"": 0.0, ""mod_EEE"": 0.0, ""mod_FFF"": 1.0}"
OULAD,0,aligned,3,7046,CARE,native,CARE_native,0,immutable_changed:Test_3,45.177,11.836646318435669,0.13177,1,"{""Test_1"": 11.25, ""Test_2"": 11.25, ""Test_3"": 9.5, ""Test_4"": 0.0, ""Test_5"": 13.177, ""Test_6"": 0.0, ""sum_click"": 3.889952, ""mod_AAA"": 0.0, ""mod_BBB"": 0.0, ""mod_EEE"": 0.0, ""mod_FFF"": 1.0}"
OULAD,0,aligned,3,7046,CARE,bounded,CARE_bounded,1,OK,50.851,11.836646318435669,0.8817090168927195,3,"{""Test_1"": 11.25, ""Test_2"": 11.25, ""Test_3"": 0.0, ""Test_4"": 19.713, ""Test_5"": 8.638, ""Test_6"": 0.0, ""sum_click"": 3.996774, ""mod_AAA"": 0.0, ""mod_BBB"": 0.0, ""mod_EEE"": 0.0, ""mod_FFF"": 1.0}"
OULAD,0,aligned,3,7046,CARE,bounded+edit,CARE_bounded+edit,1,OK,50.851,11.836646318435669,0.8817090168927195,3,"{""Test_1"": 11.25, ""Test_2"": 11.25, ""Test_3"": 0.0, ""Test_4"": 19.713, ""Test_5"": 8.638, ""Test_6"": 0.0, ""sum_click"": 3.996774, ""mod_AAA"": 0.0, ""mod_BBB"": 0.0, ""mod_EEE"": 0.0, ""mod_FFF"": 1.0}"
OULAD,0,aligned,3,7085,CARE,native,CARE_native,0,below_policy_threshold;immutable_changed:Test_1;immutable_changed:Test_2;immutable_changed:Test_3,27.816000000000003,12.256983280181885,0.2910857142857143,1,"{""Test_1"": 1.981, ""Test_2"": 6.647, ""Test_3"": 9.0, ""Test_4"": 0.0, ""Test_5"": 10.188, ""Test_6"": 0.0, ""sum_click"": 2.242718, ""mod_AAA"": 0.0, ""mod_BBB"": 1.0, ""mod_EEE"": 0.0, ""mod_FFF"": 0.0}"
OULAD,0,aligned,3,7085,CARE,bounded,CARE_bounded,0,below_policy_threshold,24.194,12.256983280181885,0.35317232781406654,2,"{""Test_1"": 3.7, ""Test_2"": 0.0, ""Test_3"": 8.64, ""Test_4"": 0.0, ""Test_5"": 11.854, ""Test_6"": 0.0, ""sum_click"": 2.27937, ""mod_AAA"": 0.0, ""mod_BBB"": 1.0, ""mod_EEE"": 0.0, ""mod_FFF"": 0.0}"
OULAD,0,aligned,3,7085,CARE,bounded+edit,CARE_bounded+edit,0,classifier_target_not_met,43.24955555555555,12.256983280181885,0.9087278833696221,3,"{""Test_1"": 3.7, ""Test_2"": 0.0, ""Test_3"": 8.64, ""Test_4"": 19.055556, ""Test_5"": 11.854, ""Test_6"": 0.0, ""sum_click"": 2.27937, ""mod_AAA"": 0.0, ""mod_BBB"": 1.0, ""mod_EEE"": 0.0, ""mod_FFF"": 0.0}"
OULAD,0,aligned,3,7604,CARE,native,CARE_native,0,below_policy_threshold;immutable_changed:Test_1;immutable_changed:Test_2,31.503999999999998,12.056986093521118,0.5593644314868804,2,"{""Test_1"": 1.309, ""Test_2"": 10.8, ""Test_3"": 0.0, ""Test_4"": 8.955, ""Test_5"": 10.44, ""Test_6"": 0.0, ""sum_click"": 1.75, ""mod_AAA"": 0.0, ""mod_BBB"": 1.0, ""mod_EEE"": 0.0, ""mod_FFF"": 0.0}"
OULAD,0,aligned,3,7604,CARE,bounded,CARE_bounded,0,below_policy_threshold,15.512,12.056986093521118,0.36034285714285713,1,"{""Test_1"": 2.9, ""Test_2"": 0.0, ""Test_3"": 0.0, ""Test_4"": 0.0, ""Test_5"": 12.612, ""Test_6"": 0.0, ""sum_click"": 1.75, ""mod_AAA"": 0.0, ""mod_BBB"": 1.0, ""mod_EEE"": 0.0, ""mod_FFF"": 0.0}"
OULAD,0,aligned,3,7604,CARE,bounded+edit,CARE_bounded+edit,0,classifier_target_not_met,42.18977777777778,12.056986093521118,1.138120634920635,2,"{""Test_1"": 2.9, ""Test_2"": 0.0, ""Test_3"": 0.0, ""Test_4"": 26.677778, ""Test_5"": 12.612, ""Test_6"": 0.0, ""sum_click"": 1.75, ""mod_AAA"": 0.0, ""mod_BBB"": 1.0, ""mod_EEE"": 0.0, ""mod_FFF"": 0.0}"
OULAD,0,aligned,3,7762,CARE,native,CARE_native,1,OK,44.805,11.829490423202515,0.15305,1,"{""Test_1"": 7.75, ""Test_2"": 8.25, ""Test_3"": 13.5, ""Test_4"": 0.0, ""Test_5"": 15.305, ""Test_6"": 0.0, ""sum_click"": 5.013316, ""mod_AAA"": 0.0, ""mod_BBB"": 0.0, ""mod_EEE"": 0.0, ""mod_FFF"": 1.0}"
OULAD,0,aligned,3,7762,CARE,bounded,CARE_bounded,1,OK,45.25,11.829490423202515,0.1575,1,"{""Test_1"": 7.75, ""Test_2"": 8.25, ""Test_3"": 13.5, ""Test_4"": 0.0, ""Test_5"": 15.75, ""Test_6"": 0.0, ""sum_click"": 5.013316, ""mod_AAA"": 0.0, ""mod_BBB"": 0.0, ""mod_EEE"": 0.0, ""mod_FFF"": 1.0}"
OULAD,0,aligned,3,7762,CARE,bounded+edit,CARE_bounded+edit,1,OK,45.25,11.829490423202515,0.1575,1,"{""Test_1"": 7.75, ""Test_2"": 8.25, ""Test_3"": 13.5, ""Test_4"": 0.0, ""Test_5"": 15.75, ""Test_6"": 0.0, ""sum_click"": 5.013316, ""mod_AAA"": 0.0, ""mod_BBB"": 0.0, ""mod_EEE"": 0.0, ""mod_FFF"": 1.0}"
OULAD,0,aligned,3,7926,CARE,native,CARE_native,0,immutable_changed:Test_2;immutable_changed:Test_3,44.25,11.902048826217651,0.2571961612157314,2,"{""Test_1"": 9.75, ""Test_2"": 6.5, ""Test_3"": 14.5, ""Test_4"": 0.0, ""Test_5"": 13.5, ""Test_6"": 0.0, ""sum_click"": 3.421525, ""mod_AAA"": 0.0, ""mod_BBB"": 0.0, ""mod_EEE"": 0.0, ""mod_FFF"": 1.0}"
OULAD,0,aligned,3,7926,CARE,bounded,CARE_bounded,1,OK,50.049,11.902048826217651,0.7657518796992482,2,"{""Test_1"": 9.75, ""Test_2"": 5.25, ""Test_3"": 0.0, ""Test_4"": 15.049, ""Test_5"": 20.0, ""Test_6"": 0.0, ""sum_click"": 3.082153, ""mod_AAA"": 0.0, ""mod_BBB"": 0.0, ""mod_EEE"": 0.0, ""mod_FFF"": 1.0}"
OULAD,0,aligned,3,7926,CARE,bounded+edit,CARE_bounded+edit,1,OK,50.049,11.902048826217651,0.7657518796992482,2,"{""Test_1"": 9.75, ""Test_2"": 5.25, ""Test_3"": 0.0, ""Test_4"": 15.049, ""Test_5"": 20.0, ""Test_6"": 0.0, ""sum_click"": 3.082153, ""mod_AAA"": 0.0, ""mod_BBB"": 0.0, ""mod_EEE"": 0.0, ""mod_FFF"": 1.0}"
OULAD,0,aligned,3,8286,CARE,native,CARE_native,0,immutable_changed:Test_2;immutable_changed:Test_3,43.836,12.652000904083252,0.45115101008557884,2,"{""Test_1"": 10.75, ""Test_2"": 4.5, ""Test_3"": 13.0, ""Test_4"": 0.0, ""Test_5"": 15.586, ""Test_6"": 0.0, ""sum_click"": 4.267188, ""mod_AAA"": 0.0, ""mod_BBB"": 0.0, ""mod_EEE"": 0.0, ""mod_FFF"": 1.0}"
OULAD,0,aligned,3,8286,CARE,bounded,CARE_bounded,0,immutable_changed:Test_3,40.95,12.652000904083252,0.741160032544625,3,"{""Test_1"": 10.75, ""Test_2"": 0.0, ""Test_3"": 14.0, ""Test_4"": 12.5, ""Test_5"": 3.7, ""Test_6"": 0.0, ""sum_click"": 4.129237, ""mod_AAA"": 0.0, ""mod_BBB"": 0.0, ""mod_EEE"": 0.0, ""mod_FFF"": 1.0}"
OULAD,0,aligned,3,8286,CARE,bounded+edit,CARE_bounded+edit,0,immutable_changed:Test_3,40.95,12.652000904083252,0.741160032544625,3,"{""Test_1"": 10.75, ""Test_2"": 0.0, ""Test_3"": 14.0, ""Test_4"": 12.5, ""Test_5"": 3.7, ""Test_6"": 0.0, ""sum_click"": 4.129237, ""mod_AAA"": 0.0, ""mod_BBB"": 0.0, ""mod_EEE"": 0.0, ""mod_FFF"": 1.0}"
OULAD,0,aligned,3,8389,CARE,native,CARE_native,0,below_policy_threshold;immutable_changed:Test_2,34.79,11.765411615371704,0.453665889212828,2,"{""Test_1"": 4.5, ""Test_2"": 14.628, ""Test_3"": 0.0, ""Test_4"": 10.599, ""Test_5"": 5.063, ""Test_6"": 0.0, ""sum_click"": 2.237288, ""mod_AAA"": 0.0, ""mod_BBB"": 1.0, ""mod_EEE"": 0.0, ""mod_FFF"": 0.0}"
OULAD,0,aligned,3,8389,CARE,bounded,CARE_bounded,0,below_policy_threshold,37.802,11.765411615371704,0.6479048595601773,3,"{""Test_1"": 4.5, ""Test_2"": 13.5, ""Test_3"": 0.0, ""Test_4"": 6.662, ""Test_5"": 13.14, ""Test_6"": 0.0, ""sum_click"": 2.435685, ""mod_AAA"": 0.0, ""mod_BBB"": 1.0, ""mod_EEE"": 0.0, ""mod_FFF"": 0.0}"
OULAD,0,aligned,3,8389,CARE,bounded+edit,CARE_bounded+edit,1,OK,41.802,11.765411615371704,0.8701270817823995,4,"{""Test_1"": 4.5, ""Test_2"": 13.5, ""Test_3"": 0.0, ""Test_4"": 6.662, ""Test_5"": 13.14, ""Test_6"": 4.0, ""sum_click"": 2.435685, ""mod_AAA"": 0.0, ""mod_BBB"": 1.0, ""mod_EEE"": 0.0, ""mod_FFF"": 0.0}"
OULAD,0,aligned,3,8792,CARE,native,CARE_native,0,below_policy_threshold;immutable_changed:Test_3,37.315999999999995,12.39466142654419,0.42,1,"{""Test_1"": 10.72, ""Test_2"": 0.0, ""Test_3"": 14.836, ""Test_4"": 11.76, ""Test_5"": 0.0, ""Test_6"": 0.0, ""sum_click"": 4.518519, ""mod_AAA"": 0.0, ""mod_BBB"": 0.0, ""mod_EEE"": 1.0, ""mod_FFF"": 0.0}"
OULAD,0,aligned,3,8792,CARE,bounded,CARE_bounded,1,OK,62.373,12.39466142654419,0.9254667407666369,3,"{""Test_1"": 10.72, ""Test_2"": 0.0, ""Test_3"": 0.0, ""Test_4"": 11.92, ""Test_5"": 39.733, ""Test_6"": 0.0, ""sum_click"": 4.63592, ""mod_AAA"": 0.0, ""mod_BBB"": 0.0, ""mod_EEE"": 1.0, ""mod_FFF"": 0.0}"
OULAD,0,aligned,3,8792,CARE,bounded+edit,CARE_bounded+edit,1,OK,62.373,12.39466142654419,0.9254667407666369,3,"{""Test_1"": 10.72, ""Test_2"": 0.0, ""Test_3"": 0.0, ""Test_4"": 11.92, ""Test_5"": 39.733, ""Test_6"": 0.0, ""sum_click"": 4.63592, ""mod_AAA"": 0.0, ""mod_BBB"": 0.0, ""mod_EEE"": 1.0, ""mod_FFF"": 0.0}"
OULAD,0,aligned,3,9099,CARE,native,CARE_native,0,below_policy_threshold;immutable_changed:Test_2,32.912,11.995591878890991,0.5017166180758018,2,"{""Test_1"": 3.85, ""Test_2"": 11.7, ""Test_3"": 0.0, ""Test_4"": 9.706, ""Test_5"": 7.656, ""Test_6"": 0.0, ""sum_click"": 2.0, ""mod_AAA"": 0.0, ""mod_BBB"": 1.0, ""mod_EEE"": 0.0, ""mod_FFF"": 0.0}"
OULAD,0,aligned,3,9099,CARE,bounded,CARE_bounded,0,below_policy_threshold,16.810000000000002,11.995591878890991,0.3702857142857144,1,"{""Test_1"": 3.85, ""Test_2"": 0.0, ""Test_3"": 0.0, ""Test_4"": 0.0, ""Test_5"": 12.96, ""Test_6"": 0.0, ""sum_click"": 2.0, ""mod_AAA"": 0.0, ""mod_BBB"": 1.0, ""mod_EEE"": 0.0, ""mod_FFF"": 0.0}"
OULAD,0,aligned,3,9099,CARE,bounded+edit,CARE_bounded+edit,0,classifier_target_not_met,43.48777777777778,11.995591878890991,1.1480634920634922,2,"{""Test_1"": 3.85, ""Test_2"": 0.0, ""Test_3"": 0.0, ""Test_4"": 26.677778, ""Test_5"": 12.96, ""Test_6"": 0.0, ""sum_click"": 2.0, ""mod_AAA"": 0.0, ""mod_BBB"": 1.0, ""mod_EEE"": 0.0, ""mod_FFF"": 0.0}"
OULAD,0,aligned,3,9602,CARE,native,CARE_native,0,immutable_changed:Test_2;immutable_changed:Test_3,42.0,11.733840703964233,0.28029766081375007,2,"{""Test_1"": 8.75, ""Test_2"": 6.0, ""Test_3"": 9.25, ""Test_4"": 0.0, ""Test_5"": 18.0, ""Test_6"": 0.0, ""sum_click"": 3.753306, ""mod_AAA"": 0.0, ""mod_BBB"": 0.0, ""mod_EEE"": 0.0, ""mod_FFF"": 1.0}"
OULAD,0,aligned,3,9602,CARE,bounded,CARE_bounded,0,immutable_changed:Test_2,42.849,11.733840703964233,0.8460495312382064,3,"{""Test_1"": 8.75, ""Test_2"": 9.599, ""Test_3"": 0.0, ""Test_4"": 10.0, ""Test_5"": 14.5, ""Test_6"": 0.0, ""sum_click"": 4.27957, ""mod_AAA"": 0.0, ""mod_BBB"": 0.0, ""mod_EEE"": 0.0, ""mod_FFF"": 1.0}"
OULAD,0,aligned,3,9602,CARE,bounded+edit,CARE_bounded+edit,0,immutable_changed:Test_2,42.849,11.733840703964233,0.8460495312382064,3,"{""Test_1"": 8.75, ""Test_2"": 9.599, ""Test_3"": 0.0, ""Test_4"": 10.0, ""Test_5"": 14.5, ""Test_6"": 0.0, ""sum_click"": 4.27957, ""mod_AAA"": 0.0, ""mod_BBB"": 0.0, ""mod_EEE"": 0.0, ""mod_FFF"": 1.0}"
OULAD,0,aligned,3,9902,CARE,native,CARE_native,0,below_policy_threshold;immutable_changed:Test_3,38.621,12.058159828186035,0.135,1,"{""Test_1"": 6.25, ""Test_2"": 9.0, ""Test_3"": 9.871, ""Test_4"": 0.0, ""Test_5"": 13.5, ""Test_6"": 0.0, ""sum_click"": 3.97757, ""mod_AAA"": 0.0, ""mod_BBB"": 0.0, ""mod_EEE"": 0.0, ""mod_FFF"": 1.0}"
OULAD,0,aligned,3,9902,CARE,bounded,CARE_bounded,1,OK,47.887,12.058159828186035,0.9380927957808181,3,"{""Test_1"": 6.25, ""Test_2"": 9.0, ""Test_3"": 5.25, ""Test_4"": 7.637, ""Test_5"": 19.75, ""Test_6"": 0.0, ""sum_click"": 4.830968, ""mod_AAA"": 0.0, ""mod_BBB"": 0.0, ""mod_EEE"": 0.0, ""mod_FFF"": 1.0}"
OULAD,0,aligned,3,9902,CARE,bounded+edit,CARE_bounded+edit,1,OK,47.887,12.058159828186035,0.9380927957808181,3,"{""Test_1"": 6.25, ""Test_2"": 9.0, ""Test_3"": 5.25, ""Test_4"": 7.637, ""Test_5"": 19.75, ""Test_6"": 0.0, ""sum_click"": 4.830968, ""mod_AAA"": 0.0, ""mod_BBB"": 0.0, ""mod_EEE"": 0.0, ""mod_FFF"": 1.0}"
OULAD,0,aligned,3,10162,CARE,native,CARE_native,1,OK,40.249,12.254976749420166,0.13999,1,"{""Test_1"": 8.25, ""Test_2"": 6.75, ""Test_3"": 11.25, ""Test_4"": 0.0, ""Test_5"": 13.999, ""Test_6"": 0.0, ""sum_click"": 4.816547, ""mod_AAA"": 0.0, ""mod_BBB"": 0.0, ""mod_EEE"": 0.0, ""mod_FFF"": 1.0}"
OULAD,0,aligned,3,10162,CARE,bounded,CARE_bounded,0,below_policy_threshold,39.021,12.254976749420166,0.12771000000000002,1,"{""Test_1"": 8.25, ""Test_2"": 6.75, ""Test_3"": 11.25, ""Test_4"": 0.0, ""Test_5"": 12.771, ""Test_6"": 0.0, ""sum_click"": 4.816547, ""mod_AAA"": 0.0, ""mod_BBB"": 0.0, ""mod_EEE"": 0.0, ""mod_FFF"": 1.0}"
OULAD,0,aligned,3,10162,CARE,bounded+edit,CARE_bounded+edit,1,OK,41.97655555555556,12.254976749420166,0.23882111111111112,2,"{""Test_1"": 8.25, ""Test_2"": 6.75, ""Test_3"": 11.25, ""Test_4"": 2.955556, ""Test_5"": 12.771, ""Test_6"": 0.0, ""sum_click"": 4.816547, ""mod_AAA"": 0.0, ""mod_BBB"": 0.0, ""mod_EEE"": 0.0, ""mod_FFF"": 1.0}"
OULAD,0,aligned,3,11286,CARE,native,CARE_native,0,below_policy_threshold;immutable_changed:Test_3,25.39,12.046144485473633,0.266,1,"{""Test_1"": 0.0, ""Test_2"": 6.0, ""Test_3"": 10.08, ""Test_4"": 0.0, ""Test_5"": 9.31, ""Test_6"": 0.0, ""sum_click"": 2.145161, ""mod_AAA"": 0.0, ""mod_BBB"": 1.0, ""mod_EEE"": 0.0, ""mod_FFF"": 0.0}"
OULAD,0,aligned,3,11286,CARE,bounded,CARE_bounded,0,below_policy_threshold,17.880000000000003,12.046144485473633,0.35493508810202806,2,"{""Test_1"": 0.0, ""Test_2"": 6.0, ""Test_3"": 0.0, ""Test_4"": 0.0, ""Test_5"": 11.88, ""Test_6"": 0.0, ""sum_click"": 2.185906, ""mod_AAA"": 0.0, ""mod_BBB"": 1.0, ""mod_EEE"": 0.0, ""mod_FFF"": 0.0}"
OULAD,0,aligned,3,11286,CARE,bounded+edit,CARE_bounded+edit,0,classifier_target_not_met,40.74666666666667,12.046144485473633,1.0216017547686949,3,"{""Test_1"": 0.0, ""Test_2"": 6.0, ""Test_3"": 0.0, ""Test_4"": 22.866667, ""Test_5"": 11.88, ""Test_6"": 0.0, ""sum_click"": 2.185906, ""mod_AAA"": 0.0, ""mod_BBB"": 1.0, ""mod_EEE"": 0.0, ""mod_FFF"": 0.0}"
OULAD,0,aligned,3,11369,CARE,native,CARE_native,0,below_policy_threshold;immutable_changed:Test_2;immutable_changed:Test_3,36.388,11.846500396728516,0.13,1,"{""Test_1"": 7.0, ""Test_2"": 6.13, ""Test_3"": 10.258, ""Test_4"": 0.0, ""Test_5"": 13.0, ""Test_6"": 0.0, ""sum_click"": 3.42449, ""mod_AAA"": 0.0, ""mod_BBB"": 0.0, ""mod_EEE"": 0.0, ""mod_FFF"": 1.0}"
OULAD,0,aligned,3,11369,CARE,bounded,CARE_bounded,1,OK,45.168,11.846500396728516,0.8241860096017749,3,"{""Test_1"": 7.0, ""Test_2"": 4.0, ""Test_3"": 9.0, ""Test_4"": 12.217, ""Test_5"": 12.951, ""Test_6"": 0.0, ""sum_click"": 3.99765, ""mod_AAA"": 0.0, ""mod_BBB"": 0.0, ""mod_EEE"": 0.0, ""mod_FFF"": 1.0}"
OULAD,0,aligned,3,11369,CARE,bounded+edit,CARE_bounded+edit,1,OK,45.168,11.846500396728516,0.8241860096017749,3,"{""Test_1"": 7.0, ""Test_2"": 4.0, ""Test_3"": 9.0, ""Test_4"": 12.217, ""Test_5"": 12.951, ""Test_6"": 0.0, ""sum_click"": 3.99765, ""mod_AAA"": 0.0, ""mod_BBB"": 0.0, ""mod_EEE"": 0.0, ""mod_FFF"": 1.0}"
OULAD,0,aligned,3,11835,CARE,native,CARE_native,0,below_policy_threshold;immutable_changed:Test_2,30.410999999999998,12.248657703399658,0.5416320699708455,2,"{""Test_1"": 0.0, ""Test_2"": 11.7, ""Test_3"": 0.0, ""Test_4"": 12.06, ""Test_5"": 6.651, ""Test_6"": 0.0, ""sum_click"": 4.151899, ""mod_AAA"": 0.0, ""mod_BBB"": 1.0, ""mod_EEE"": 0.0, ""mod_FFF"": 0.0}"
OULAD,0,aligned,3,11835,CARE,bounded,CARE_bounded,0,below_policy_threshold,19.001,12.248657703399658,0.36574285714285715,1,"{""Test_1"": 0.0, ""Test_2"": 6.2, ""Test_3"": 0.0, ""Test_4"": 0.0, ""Test_5"": 12.801, ""Test_6"": 0.0, ""sum_click"": 4.151899, ""mod_AAA"": 0.0, ""mod_BBB"": 1.0, ""mod_EEE"": 0.0, ""mod_FFF"": 0.0}"
OULAD,0,aligned,3,11835,CARE,bounded+edit,CARE_bounded+edit,1,OK,41.867666666666665,12.248657703399658,1.0324095238095239,2,"{""Test_1"": 0.0, ""Test_2"": 6.2, ""Test_3"": 0.0, ""Test_4"": 22.866667, ""Test_5"": 12.801, ""Test_6"": 0.0, ""sum_click"": 4.151899, ""mod_AAA"": 0.0, ""mod_BBB"": 1.0, ""mod_EEE"": 0.0, ""mod_FFF"": 0.0}"
OULAD,0,aligned,3,12299,CARE,native,CARE_native,0,immutable_changed:Test_3,46.888,12.563405513763428,0.21012,1,"{""Test_1"": 9.5, ""Test_2"": 7.75, ""Test_3"": 8.626, ""Test_4"": 0.0, ""Test_5"": 21.012, ""Test_6"": 0.0, ""sum_click"": 3.20743, ""mod_AAA"": 0.0, ""mod_BBB"": 0.0, ""mod_EEE"": 0.0, ""mod_FFF"": 1.0}"
OULAD,0,aligned,3,12299,CARE,bounded,CARE_bounded,1,OK,48.005,12.563405513763428,1.1866439878937722,3,"{""Test_1"": 9.5, ""Test_2"": 7.75, ""Test_3"": 0.0, ""Test_4"": 9.755, ""Test_5"": 21.0, ""Test_6"": 0.0, ""sum_click"": 4.824921, ""mod_AAA"": 0.0, ""mod_BBB"": 0.0, ""mod_EEE"": 0.0, ""mod_FFF"": 1.0}"
OULAD,0,aligned,3,12299,CARE,bounded+edit,CARE_bounded+edit,1,OK,48.005,12.563405513763428,1.1866439878937722,3,"{""Test_1"": 9.5, ""Test_2"": 7.75, ""Test_3"": 0.0, ""Test_4"": 9.755, ""Test_5"": 21.0, ""Test_6"": 0.0, ""sum_click"": 4.824921, ""mod_AAA"": 0.0, ""mod_BBB"": 0.0, ""mod_EEE"": 0.0, ""mod_FFF"": 1.0}"
OULAD,0,aligned,3,12680,CARE,native,CARE_native,0,below_policy_threshold;immutable_changed:Test_2;immutable_changed:Test_3,34.762,12.064744472503662,0.35305714285714285,1,"{""Test_1"": 2.95, ""Test_2"": 11.355, ""Test_3"": 8.1, ""Test_4"": 0.0, ""Test_5"": 12.357, ""Test_6"": 0.0, ""sum_click"": 2.1, ""mod_AAA"": 0.0, ""mod_BBB"": 1.0, ""mod_EEE"": 0.0, ""mod_FFF"": 0.0}"
OULAD,0,aligned,3,12680,CARE,bounded,CARE_bounded,0,below_policy_threshold,16.09,12.064744472503662,0.37542857142857144,1,"{""Test_1"": 2.95, ""Test_2"": 0.0, ""Test_3"": 0.0, ""Test_4"": 0.0, ""Test_5"": 13.14, ""Test_6"": 0.0, ""sum_click"": 2.1, ""mod_AAA"": 0.0, ""mod_BBB"": 1.0, ""mod_EEE"": 0.0, ""mod_FFF"": 0.0}"
OULAD,0,aligned,3,12680,CARE,bounded+edit,CARE_bounded+edit,0,classifier_target_not_met,42.76777777777778,12.064744472503662,1.1532063492063491,2,"{""Test_1"": 2.95, ""Test_2"": 0.0, ""Test_3"": 0.0, ""Test_4"": 26.677778, ""Test_5"": 13.14, ""Test_6"": 0.0, ""sum_click"": 2.1, ""mod_AAA"": 0.0, ""mod_BBB"": 1.0, ""mod_EEE"": 0.0, ""mod_FFF"": 0.0}"
OULAD,0,aligned,3,12900,CARE,native,CARE_native,0,below_policy_threshold,37.66,11.854991436004639,0.5006578118651579,2,"{""Test_1"": 8.0, ""Test_2"": 5.0, ""Test_3"": 11.75, ""Test_4"": 0.0, ""Test_5"": 12.91, ""Test_6"": 0.0, ""sum_click"": 4.23717, ""mod_AAA"": 0.0, ""mod_BBB"": 0.0, ""mod_EEE"": 0.0, ""mod_FFF"": 1.0}"
OULAD,0,aligned,3,12900,CARE,bounded,CARE_bounded,1,OK,43.155,11.854991436004639,0.5013936425548478,2,"{""Test_1"": 8.0, ""Test_2"": 5.0, ""Test_3"": 11.75, ""Test_4"": 0.0, ""Test_5"": 18.405, ""Test_6"": 0.0, ""sum_click"": 4.097222, ""mod_AAA"": 0.0, ""mod_BBB"": 0.0, ""mod_EEE"": 0.0, ""mod_FFF"": 1.0}"
OULAD,0,aligned,3,12900,CARE,bounded+edit,CARE_bounded+edit,1,OK,43.155,11.854991436004639,0.5013936425548478,2,"{""Test_1"": 8.0, ""Test_2"": 5.0, ""Test_3"": 11.75, ""Test_4"": 0.0, ""Test_5"": 18.405, ""Test_6"": 0.0, ""sum_click"": 4.097222, ""mod_AAA"": 0.0, ""mod_BBB"": 0.0, ""mod_EEE"": 0.0, ""mod_FFF"": 1.0}"
OULAD,0,aligned,3,13496,CARE,native,CARE_native,0,below_policy_threshold,35.309,11.756525754928589,0.5230209912536443,2,"{""Test_1"": 3.9, ""Test_2"": 13.32, ""Test_3"": 0.0, ""Test_4"": 10.62, ""Test_5"": 7.469, ""Test_6"": 0.0, ""sum_click"": 2.372197, ""mod_AAA"": 0.0, ""mod_BBB"": 1.0, ""mod_EEE"": 0.0, ""mod_FFF"": 0.0}"
OULAD,0,aligned,3,13496,CARE,bounded,CARE_bounded,0,below_policy_threshold,34.943999999999996,11.756525754928589,0.5169742030253253,3,"{""Test_1"": 3.9, ""Test_2"": 13.32, ""Test_3"": 0.0, ""Test_4"": 10.62, ""Test_5"": 7.104, ""Test_6"": 0.0, ""sum_click"": 2.382716, ""mod_AAA"": 0.0, ""mod_BBB"": 1.0, ""mod_EEE"": 0.0, ""mod_FFF"": 0.0}"
OULAD,0,aligned,3,13496,CARE,bounded+edit,CARE_bounded+edit,1,OK,40.943999999999996,11.756525754928589,0.8503075363586585,4,"{""Test_1"": 3.9, ""Test_2"": 13.32, ""Test_3"": 0.0, ""Test_4"": 10.62, ""Test_5"": 7.104, ""Test_6"": 6.0, ""sum_click"": 2.382716, ""mod_AAA"": 0.0, ""mod_BBB"": 1.0, ""mod_EEE"": 0.0, ""mod_FFF"": 0.0}"
