dataset,stage,sampler,model,fold,roc_auc,bal_acc,f1_macro,f1_fail,recall_fail,precision_fail,n_test
HarvardX,full,none,NB,0,0.8745029502308876,0.797722790533607,0.7117107480009628,0.9042958129418162,0.8532580810672139,0.9618276460381724,2205
HarvardX,full,none,NB,1,0.8814017983187885,0.7782541388603696,0.7030140043688924,0.9039242219215156,0.8572895277207392,0.9559244419004007,2204
HarvardX,full,none,NB,2,0.8705466646425746,0.7720579422973977,0.688327868852459,0.8939890710382513,0.839835728952772,0.955607476635514,2205
HarvardX,full,none,NB,3,0.8812874983957906,0.806524319815195,0.7182373332857644,0.9064200217627857,0.8552361396303901,0.9641203703703703,2204
HarvardX,full,none,NB,4,0.8969031392069287,0.8128989924815635,0.7308714979416264,0.9132197891321979,0.8670431211498973,0.9645916619074815,2205
HarvardX,full,none,DT,0,0.7664868201641868,0.7751270683683941,0.7760633484162895,0.9482051282051283,0.9486916367367881,0.9477191184008201,2205
HarvardX,full,none,DT,1,0.7448284297997947,0.7501363578028748,0.753569802237835,0.9436475409836066,0.9455852156057495,0.941717791411043,2204
HarvardX,full,none,DT,2,0.7639123035498846,0.7577581316565329,0.7577581316565329,0.9435318275154004,0.9435318275154004,0.9435318275154004,2205
HarvardX,full,none,DT,3,0.7535092081622177,0.7572791003593429,0.761706884698788,0.9457245263696876,0.9481519507186859,0.9433094994892748,2204
HarvardX,full,none,DT,4,0.7659047691336619,0.7731735232783898,0.7731735232783898,0.9471252566735113,0.9471252566735113,0.9471252566735113,2205
HarvardX,full,none,XT,0,0.916724121344279,0.7847353610826064,0.7871687231942657,0.9510632846528312,0.9522832221652129,0.9498464687819856,2205
HarvardX,full,none,XT,1,0.9137817633470224,0.7849797869609856,0.7879064754468672,0.9513070220399795,0.9527720739219713,0.9498464687819856,2204
HarvardX,full,none,XT,2,0.9223327926877012,0.7826035283119872,0.7879398805528741,0.9516252879447146,0.954312114989733,0.9489535477284329,2205
HarvardX,full,none,XT,3,0.9139993342530801,0.7866762384496919,0.7886331516252776,0.9512820512820512,0.952258726899384,0.9503073770491803,2204
HarvardX,full,none,XT,4,0.9151888797449645,0.7857245583617638,0.7886456370042417,0.9513070220399795,0.9527720739219713,0.9498464687819856,2205
HarvardX,full,none,RF,0,0.9397347197280657,0.7787186537968189,0.7864675194092341,0.9519672968829842,0.9558748075936377,0.9480916030534351,2205
HarvardX,full,none,RF,1,0.9324397218300822,0.7882162795174539,0.7931795603046086,0.9528929851510497,0.9553388090349076,0.9504596527068437,2204
HarvardX,full,none,RF,2,0.936843335277527,0.7911556500131832,0.7961469534050178,0.953405017921147,0.9558521560574949,0.95097037793667,2205
HarvardX,full,none,RF,3,0.9311563542736139,0.7965421265400411,0.8006155672651574,0.954405737704918,0.9563655030800822,0.9524539877300614,2204
HarvardX,full,none,RF,4,0.9462523669891899,0.7911556500131832,0.7961469534050178,0.953405017921147,0.9558521560574949,0.95097037793667,2205
HarvardX,full,none,MLP,0,0.9553547091457157,0.8195769465110313,0.8212110239226353,0.95872853114586,0.9594663930220626,0.9579918032786885,2205
HarvardX,full,none,MLP,1,0.9611841472022586,0.8160172292094456,0.8242484824570022,0.9603681922781897,0.9640657084188912,0.956698930208864,2204
HarvardX,full,none,MLP,2,0.9623339112648711,0.8123666695962735,0.8255102040816327,0.9612244897959183,0.9671457905544147,0.9553752535496958,2205
HarvardX,full,none,MLP,3,0.9603519635523613,0.82290329825462,0.8318902961936803,0.9621676891615542,0.9661190965092402,0.9582484725050916,2204
HarvardX,full,none,MLP,4,0.9600757836032567,0.8212164127230164,0.8250549190654435,0.9597745324109659,0.9614989733059548,0.9580562659846548,2205
HarvardX,full,none,KNN,0,0.9195029903155464,0.8052927783478707,0.8047756033656119,0.9545804464973057,0.9543355566957414,0.9548254620123203,2205
HarvardX,full,none,KNN,1,0.9216965316991788,0.7956156955852156,0.8022650571032062,0.9552315170120236,0.9584188911704312,0.9520652728199898,2204
HarvardX,full,none,KNN,2,0.912553232288529,0.799599908915859,0.799599908915859,0.9532854209445585,0.9532854209445585,0.9532854209445585,2205
HarvardX,full,none,KNN,3,0.9178634737551334,0.8107273485626283,0.8123159885336575,0.956655552705822,0.9573921971252567,0.955920041004613,2204
HarvardX,full,none,KNN,4,0.9195503319777243,0.8015044862934348,0.8098529085667825,0.9570552147239264,0.9609856262833676,0.9531568228105907,2205
HarvardX,full,none,Ridge,0,0.9418942807208824,0.6897848255515648,0.7269144280878304,0.9489744872436218,0.9733196511031298,0.9258174719375305,2205
HarvardX,full,none,Ridge,1,0.948901918634497,0.6794428580595482,0.722797585169526,0.9506972111553785,0.9799794661190965,0.9231141199226306,2204
HarvardX,full,none,Ridge,2,0.9513239159788748,0.684285588731134,0.7273439407567722,0.9509095439820583,0.9794661190965093,0.9239709443099273,2205
HarvardX,full,none,Ridge,3,0.9528843685831622,0.6883823151950719,0.7383636864894669,0.9545341614906833,0.9861396303901437,0.9248916706788638,2204
HarvardX,full,none,Ridge,4,0.9504340478910825,0.6801378646361828,0.7225619422928841,0.9501743896362731,0.978952772073922,0.9230396902226524,2205
HarvardX,full,none,LR,0,0.9419584161749616,0.7396972405720883,0.7673737373737374,0.9525252525252526,0.9676757311441765,0.9378418697165589,2205
HarvardX,full,none,LR,1,0.9443158848819302,0.7233941863449692,0.7556473294714376,0.9516616314199395,0.9702258726899384,0.9337944664031621,2204
HarvardX,full,none,LR,2,0.940953107647073,0.7478667135403767,0.782060972537163,0.9564121945074326,0.9743326488706365,0.9391390400791687,2205
HarvardX,full,none,LR,3,0.9497020180954825,0.7444093300821355,0.7868769113490008,0.9590966122961104,0.981006160164271,0.9381443298969072,2204
HarvardX,full,none,LR,4,0.949477264919023,0.743975662956719,0.778648619346756,0.9559304960967011,0.9743326488706365,0.9382105783489867,2205
HarvardX,full,none,SVC,0,0.9080908879553617,0.7959821142252437,0.8079477659229914,0.9574088242795206,0.9630579784504875,0.9518255578093306,2205
HarvardX,full,none,SVC,1,0.9213195424794661,0.7751018672997947,0.7976165572820082,0.9571174828723674,0.9681724845995893,0.946312092323131,2204
HarvardX,full,none,SVC,2,0.9036805183806198,0.8018690226032487,0.8156678175236789,0.9592044875063743,0.965605749486653,0.952887537993921,2205
HarvardX,full,none,SVC,3,0.9034626860882957,0.812724589322382,0.8282491301673953,0.9622833843017329,0.9691991786447639,0.9554655870445344,2204
HarvardX,full,none,SVC,4,0.9165990859626555,0.7831837902188417,0.8029907042065136,0.9575603557814485,0.9671457905544147,0.9481630598892803,2205
HarvardX,full,none,ABC,0,0.9488409520908158,0.8234421097357619,0.8102246320681642,0.9537825974696618,0.9476654694715239,0.9599792099792099,2205
HarvardX,full,none,ABC,1,0.9505743069815196,0.7921225295174539,0.7961350182149363,0.9533811475409836,0.9553388090349076,0.9514314928425358,2204
HarvardX,full,none,ABC,2,0.9446603919813996,0.8171915323708243,0.7955404192028315,0.9483519335582663,0.9378850102669405,0.9590551181102362,2205
HarvardX,full,none,ABC,3,0.9506625385010268,0.8195224268480492,0.8074742224506589,0.9532662019106636,0.9476386036960985,0.958961038961039,2204
HarvardX,full,none,ABC,4,0.9504350466206984,0.8065710416350402,0.8118279569892473,0.956989247311828,0.9594455852156057,0.9545454545454546,2205
HarvardX,full,none,GBC,0,0.9551021757952795,0.814131445613135,0.813599304908409,0.9566333076725686,0.9563878912262699,0.9568788501026694,2205
HarvardX,full,none,GBC,1,0.9581401597792609,0.80923142325462,0.8217378395118742,0.9604490941566726,0.9661190965092402,0.9548452562151192,2204
HarvardX,full,none,GBC,2,0.9596623095422623,0.8074489249674415,0.819267545661674,0.9596733027054619,0.9650924024640657,0.9543147208121827,2205
HarvardX,full,none,GBC,3,0.9553428195585216,0.7980260202772074,0.8144748732984027,0.959511077158136,0.9671457905544147,0.9519959575543203,2204
HarvardX,full,none,GBC,4,0.957792687701244,0.8027878538499029,0.8138788585253545,0.958386520296145,0.9635523613963038,0.9532757745048248,2205
HarvardX,full,none,XGB,0,0.9538826000513083,0.8077589869805029,0.8077589869805029,0.9553617239610056,0.9553617239610056,0.9553617239610056,2205
HarvardX,full,none,XGB,1,0.9554922115631417,0.805224910164271,0.8137162741605646,0.9580777096114519,0.9620123203285421,0.9541751527494908,2204
HarvardX,full,none,XGB,2,0.9469574700980353,0.7937633330403726,0.7952583556725117,0.9525519363939472,0.9532854209445585,0.9518195797027166,2205
HarvardX,full,none,XGB,3,0.9505823280287474,0.787546522073922,0.7955422521274491,0.9539877300613497,0.9579055441478439,0.9501018329938901,2204
HarvardX,full,none,XGB,4,0.9571485070989701,0.8038554958093305,0.8080108371671094,0.9559426229508197,0.9579055441478439,0.9539877300613497,2205
HarvardX,full,none,CB,0,0.9584101622626989,0.8203465719599794,0.8236378620488564,0.9595286885245902,0.9610056439199589,0.9580562659846548,2205
HarvardX,full,none,CB,1,0.9598225744353183,0.815760555698152,0.8234246448710443,0.9601023017902813,0.9635523613963038,0.9566768603465852,2204
HarvardX,full,none,CB,2,0.9583989165781127,0.8096920716848168,0.8123270996454992,0.9566777749295052,0.9579055441478439,0.9554531490015361,2205
HarvardX,full,none,CB,3,0.9529124422484601,0.8026020277207393,0.8148373687833015,0.9589180913498342,0.9645790554414785,0.9533231861998985,2204
HarvardX,full,none,CB,4,0.9596762917568853,0.8033012008724902,0.8155079255119844,0.9589180913498342,0.9645790554414785,0.9533231861998985,2205
HarvardX,full,smote,NB,0,0.8745029502308876,0.8546881012698819,0.6911703731857143,0.8694652098907418,0.775782452539764,0.9888816219751472,2205
HarvardX,full,smote,NB,1,0.8814017983187885,0.8523646047227926,0.6945109579033164,0.8731749212711136,0.7828542094455853,0.9870550161812298,2204
HarvardX,full,smote,NB,2,0.8705466646425746,0.8406017545681893,0.6727210048908712,0.8557300756253636,0.7551334702258727,0.987248322147651,2205
HarvardX,full,smote,NB,3,0.8812874983957906,0.8436818210985626,0.6868709886512542,0.8688665710186514,0.7772073921971252,0.9850357839947951,2204
HarvardX,full,smote,NB,4,0.8969031392069287,0.8539487771554584,0.6950853369876666,0.8727793696275071,0.7818275154004107,0.9876783398184177,2205
HarvardX,full,smote,DT,0,0.7957285787583377,0.8040271052462802,0.7804485643190884,0.9441413354117952,0.9322729604925603,0.9563157894736842,2205
HarvardX,full,smote,DT,1,0.7760704087525668,0.7832392197125257,0.774810980178462,0.9458483754512635,0.9414784394250514,0.950259067357513,2204
HarvardX,full,smote,DT,2,0.7941927867752219,0.7914682523829688,0.761771855586567,0.9373368146214099,0.9214579055441479,0.9537725823591924,2205
HarvardX,full,smote,DT,3,0.7786912859342915,0.7790321804414784,0.7598539104897786,0.9395276407993771,0.9291581108829569,0.9501312335958005,2204
HarvardX,full,smote,DT,4,0.8098019319425691,0.8145169344593677,0.784330985915493,0.9436619718309859,0.9286447638603696,0.9591728525980912,2205
HarvardX,full,smote,XT,0,0.9224983164443304,0.8362040629810159,0.8000759460944318,0.9472309299895507,0.9302206259620318,0.9648749334752528,2205
HarvardX,full,smote,XT,1,0.9255656843557495,0.8271905479979467,0.7956955827103542,0.94679186228482,0.9317248459958932,0.9623541887592789,2204
HarvardX,full,smote,XT,2,0.9314312194888102,0.8266624853186746,0.8014761796809675,0.9493111515466597,0.9373716632443532,0.9615587151132174,2205
HarvardX,full,smote,XT,3,0.9132664110626283,0.800773228952772,0.7756712008271561,0.9424928441321884,0.9296714579055442,0.9556728232189974,2204
HarvardX,full,smote,XT,4,0.926332704799495,0.8285001478119831,0.798414992079054,0.947615324472244,0.9332648870636551,0.9624139756484913,2205
HarvardX,full,smote,RF,0,0.9446180332863006,0.8420634379810159,0.8039014580191051,0.9479738562091503,0.9302206259620318,0.9664179104477612,2205
HarvardX,full,smote,RF,1,0.9454849525154003,0.8321234920431211,0.8011149434507099,0.9483837330552659,0.9337782340862423,0.9634533898305084,2204
HarvardX,full,smote,RF,2,0.944264895053492,0.8374168058229932,0.8109254157400339,0.9516380655226209,0.9394250513347022,0.964172813487882,2205
HarvardX,full,smote,RF,3,0.9329259978182753,0.8286303259753593,0.7956016027237437,0.9464891673192378,0.9306981519507187,0.9628252788104089,2204
HarvardX,full,smote,RF,4,0.9431103636174786,0.8416054778321975,0.8060142843292506,0.9487983281086729,0.9322381930184805,0.9659574468085106,2205
HarvardX,full,smote,MLP,0,0.9576295135325807,0.9050695067983581,0.7932972828427277,0.9318490361118653,0.8804515135967163,0.9896193771626297,2205
HarvardX,full,smote,MLP,1,0.9627001251283367,0.9114115438911704,0.7976200430004778,0.9331521739130435,0.8814168377823408,0.9913394919168591,2204
HarvardX,full,smote,MLP,2,0.9605941242739235,0.9077423517286012,0.7997591404721254,0.9347060417231102,0.885523613963039,0.9896729776247849,2205
HarvardX,full,smote,MLP,3,0.9583627438398358,0.8964001540041068,0.7941043799814763,0.9337658826709921,0.8865503080082136,0.9862935465448315,2204
HarvardX,full,smote,MLP,4,0.960615097595858,0.9106736231513515,0.8104405994011539,0.9399083804904338,0.8952772073921971,0.9892229154849688,2205
HarvardX,full,smote,KNN,0,0.9225384011031299,0.8784783462673166,0.7977453966043961,0.9388191290408763,0.9014879425346332,0.9793756967670011,2205
HarvardX,full,smote,KNN,1,0.9249099637448666,0.8899151373203286,0.8038332493614695,0.9400107123727905,0.9009240246406571,0.9826427771556551,2204
HarvardX,full,smote,KNN,2,0.9179973074249554,0.8704388018440543,0.7924461493538564,0.9372161367886722,0.9004106776180698,0.977158774373259,2205
HarvardX,full,smote,KNN,3,0.9092749374358317,0.8767566093429158,0.7972291133926186,0.9388191290408763,0.9019507186858317,0.9788300835654596,2204
HarvardX,full,smote,KNN,4,0.927226567805751,0.8846377407937104,0.8131927696969498,0.9452709883103082,0.9132443531827515,0.9796255506607929,2205
HarvardX,full,smote,Ridge,0,0.9441931359030272,0.8677276407773218,0.8007750331564987,0.9421750663129973,0.9112365315546435,0.9752883031301482,2205
HarvardX,full,smote,Ridge,1,0.9468084253080084,0.8832295944558521,0.8059297835138433,0.9421487603305785,0.9070841889117043,0.9800332778702163,2204
HarvardX,full,smote,Ridge,2,0.9480680574309479,0.885299898529071,0.8110166613882204,0.944119212346993,0.9106776180698152,0.980110497237569,2205
HarvardX,full,smote,Ridge,3,0.9528964001540041,0.8752045367043122,0.8124523978027163,0.9465608465608466,0.9183778234086243,0.976528384279476,2204
HarvardX,full,smote,Ridge,4,0.9521618501266389,0.8842322565696434,0.8160722489271348,0.9466984884645983,0.9163244353182751,0.9791552386176632,2205
HarvardX,full,smote,LR,0,0.943096820484864,0.889584803104156,0.7992767748679266,0.9377348362855609,0.896357106208312,0.9831176139561058,2205
HarvardX,full,smote,LR,1,0.9487996502823408,0.8893015272073922,0.7986350384569386,0.9374160623153371,0.8957905544147844,0.9830985915492958,2204
HarvardX,full,smote,LR,2,0.9501114582251377,0.8902995389864092,0.8010071474983755,0.9382716049382716,0.8973305954825462,0.983127109111361,2205
HarvardX,full,smote,LR,3,0.9528984054158111,0.8870355813655031,0.8041531909443146,0.9406417112299466,0.9029774127310062,0.9815848214285714,2204
HarvardX,full,smote,LR,4,0.9524754512260405,0.8920962535654647,0.8054340682190579,0.9402625234395928,0.9009240246406571,0.9831932773109243,2205
HarvardX,full,smote,SVC,0,0.946027009043099,0.9081069218188815,0.7899404464365518,0.9294085581902426,0.874807593637763,0.9912790697674418,2205
HarvardX,full,smote,SVC,1,0.9542178676848048,0.9066911575975359,0.7834370008865071,0.9258143991240076,0.8680698151950719,0.9917888563049854,2204
HarvardX,full,smote,SVC,2,0.9504590161314808,0.9067566055976797,0.7905258119154577,0.929700272479564,0.8757700205338809,0.9907084785133565,2205
HarvardX,full,smote,SVC,3,0.9428400121919916,0.8952731968685832,0.787988691207128,0.9305480195333695,0.8803901437371663,0.9867663981588032,2204
HarvardX,full,smote,SVC,4,0.9485983828570057,0.91578112640721,0.8045694353477025,0.9360086767895879,0.8860369609856262,0.9919540229885058,2205
HarvardX,full,smote,ABC,0,0.9440137570548999,0.8768158350436122,0.7632836458558125,0.919376878928669,0.8630066700872242,0.9836257309941521,2205
HarvardX,full,smote,ABC,1,0.9480226113321355,0.8872280864989732,0.7515155589803528,0.9092422980849292,0.8408624229979466,0.9897280966767371,2204
HarvardX,full,smote,ABC,2,0.9492145990300338,0.8781430021013271,0.7480436288088643,0.9085872576177285,0.8418891170431212,0.98676293622142,2205
HarvardX,full,smote,ABC,3,0.952266747946612,0.8853631930184804,0.7691233297639555,0.9212253829321663,0.864476386036961,0.9859484777517564,2204
HarvardX,full,smote,ABC,4,0.9487821491063367,0.8850322389920022,0.7685185185185185,0.9206349206349206,0.8634496919917864,0.9859320046893317,2205
HarvardX,full,smote,GBC,0,0.9563618361980504,0.905209803104156,0.8080265665859263,0.9397525551371705,0.896357106208312,0.9875635952515546,2205
HarvardX,full,smote,GBC,1,0.9586875962525667,0.905596284650924,0.8053237089845641,0.9382582906443785,0.893223819301848,0.9880749574105622,2204
HarvardX,full,smote,GBC,2,0.959653320975719,0.9041748895405044,0.8092917251051893,0.9403225806451613,0.8978439425051334,0.9870203160270881,2205
HarvardX,full,smote,GBC,3,0.9582133518352155,0.8904846316735113,0.7978684751858713,0.936810970691046,0.8942505133470225,0.9836250705815923,2204
HarvardX,full,smote,GBC,4,0.959298771962064,0.9077683186986154,0.818301676898356,0.9442956614890198,0.9050308008213552,0.9871220604703248,2205
HarvardX,full,smote,XGB,0,0.9547374054002052,0.8881277257567983,0.818581562877098,0.9475079533404029,0.9168804515135968,0.9802523313219967,2205
HarvardX,full,smote,XGB,1,0.954581822702772,0.9044572959445585,0.8176102816392958,0.9446376036373362,0.9065708418891171,0.9860413176996091,2204
HarvardX,full,smote,XGB,2,0.9486842736039758,0.885258950614818,0.8187891745319915,0.9478145695364238,0.9183778234086243,0.9792008757525998,2205
HarvardX,full,smote,XGB,3,0.9506114043249485,0.8806067120123203,0.8069120235804643,0.9430548163916977,0.9096509240246407,0.9790055248618784,2204
HarvardX,full,smote,XGB,4,0.9539695507314696,0.8765580182008486,0.8156902444460956,0.9476744186046512,0.9204312114989733,0.9765795206971678,2205
HarvardX,full,smote,CB,0,0.9580183347229349,0.8975786861852232,0.831739069395065,0.9521543748347872,0.9240636223704464,0.9820065430752454,2205
HarvardX,full,smote,CB,1,0.9574673944430184,0.8944791131930185,0.8233791772183171,0.9487927832316264,0.917864476386037,0.9818780889621087,2204
HarvardX,full,smote,CB,2,0.9552688979617925,0.8819891098522679,0.8221876835632578,0.9498416050686378,0.9235112936344969,0.9777173913043479,2205
HarvardX,full,smote,CB,3,0.9518697061088295,0.8861532661704312,0.8174134839665013,0.947228851763458,0.9168377823408624,0.9797037849698299,2204
HarvardX,full,smote,CB,4,0.9584548454366046,0.8961211339176567,0.831739069395065,0.9521543748347872,0.9245379876796714,0.9814713896457765,2205
HarvardX,full,nearmiss,NB,0,0.883201321190354,0.8611667842483325,0.7313162484905407,0.9010561423012785,0.831708568496665,0.9830200121285627,2205
HarvardX,full,nearmiss,NB,1,0.8814017983187885,0.7782541388603696,0.7030140043688924,0.9039242219215156,0.8572895277207392,0.9559244419004007,2204
HarvardX,full,nearmiss,NB,2,0.8705466646425746,0.7720579422973977,0.688327868852459,0.8939890710382513,0.839835728952772,0.955607476635514,2205
HarvardX,full,nearmiss,NB,3,0.8812874983957906,0.8583001796714579,0.725849741819482,0.8976290097629009,0.8259753593429158,0.982895540623091,2204
HarvardX,full,nearmiss,NB,4,0.8969031392069287,0.8672398708842353,0.7434997689187108,0.9079856313898867,0.8434291581108829,0.983243566726511,2205
HarvardX,full,nearmiss,DT,0,0.5959827154951257,0.6217731849666496,0.5149223744292237,0.7525114155251141,0.6341713699332991,0.9251497005988024,2205
HarvardX,full,nearmiss,DT,1,0.6890560831622177,0.7224276501540041,0.6763326234686551,0.9038102851052492,0.8706365503080082,0.939612188365651,2204
HarvardX,full,nearmiss,DT,2,0.7435691800030362,0.7539789387898592,0.6993387618387619,0.9091880341880342,0.8737166324435318,0.9476614699331849,2205
HarvardX,full,nearmiss,DT,3,0.6620391908367556,0.7057679350616016,0.6264936904366611,0.8634092171016102,0.7982546201232033,0.9401451027811366,2204
HarvardX,full,nearmiss,DT,4,0.6555431491143267,0.7179887183502585,0.6540627379167632,0.8856289051888074,0.8367556468172485,0.9405654933641084,2205
HarvardX,full,nearmiss,XT,0,0.7881796353899435,0.766992888981529,0.7306771545827633,0.9264705882352942,0.905079527963058,0.9488972565895643,2205
HarvardX,full,nearmiss,XT,1,0.8197951424537988,0.7872016170431211,0.7700905932291793,0.9427312775330396,0.9337782340862423,0.9518576661433804,2204
HarvardX,full,nearmiss,XT,2,0.8529840043464713,0.7904415583377944,0.7592088020680421,0.9362258233141663,0.9194045174537988,0.9536741214057508,2205
HarvardX,full,nearmiss,XT,3,0.8394316686986653,0.781141715862423,0.758049756090361,0.9380853277835588,0.925564681724846,0.9509493670886076,2204
HarvardX,full,nearmiss,XT,4,0.8229192467181745,0.777295280403327,0.7578970287743275,0.9387331256490135,0.9281314168377823,0.9495798319327731,2205
HarvardX,full,nearmiss,RF,0,0.7937213394689584,0.767191308042586,0.7374981202872917,0.9304756926293779,0.9132888660851719,0.94832179009057,2205
HarvardX,full,nearmiss,RF,1,0.8371707360112937,0.7807727476899384,0.771965335186942,0.9450606138767088,0.9404517453798767,0.9497148781752203,2204
HarvardX,full,nearmiss,RF,2,0.8649967241668598,0.7928185348237042,0.7763469074944485,0.9443149443149443,0.9358316221765913,0.9529534762153685,2205
HarvardX,full,nearmiss,RF,3,0.845482546201232,0.787101353952772,0.7660885351207932,0.9407792207792208,0.9296714579055442,0.9521556256572029,2204
HarvardX,full,nearmiss,RF,4,0.8216159045693877,0.794764060115533,0.7777343382006594,0.944559585492228,0.9358316221765913,0.9534518828451883,2205
HarvardX,full,nearmiss,MLP,0,0.9471072905977425,0.8317676933683941,0.8171719781123036,0.9553087057607853,0.9486916367367881,0.9620187304890739,2205
HarvardX,full,nearmiss,MLP,1,0.9600231006160165,0.8298455146303901,0.8298455146303901,0.9604722792607803,0.9604722792607803,0.9604722792607803,2204
HarvardX,full,nearmiss,MLP,2,0.958380939445026,0.8303228293610527,0.8253702467557447,0.9585798816568047,0.9563655030800822,0.960804538421867,2205
HarvardX,full,nearmiss,MLP,3,0.954973851386037,0.8379146881416838,0.8362028934183585,0.9617261751862317,0.9609856262833676,0.9624678663239075,2204
HarvardX,full,nearmiss,MLP,4,0.9516584904002108,0.8208518764132025,0.8192336490482098,0.9576162342666324,0.9568788501026694,0.9583547557840617,2205
HarvardX,full,nearmiss,KNN,0,0.8410543066957414,0.8055082333889174,0.7925339488156318,0.9493801652892562,0.9430477167778348,0.9557982319292772,2205
HarvardX,full,nearmiss,KNN,1,0.8460520405544149,0.7938751283367557,0.7884790007160944,0.9498069498069498,0.9471252566735113,0.9525038719669592,2204
HarvardX,full,nearmiss,KNN,2,0.8610287714027758,0.8005596880767664,0.7897435255318657,0.9488900361383583,0.9435318275154004,0.9543094496365524,2205
HarvardX,full,nearmiss,KNN,3,0.8764738674281315,0.8124799473819302,0.8041979069040924,0.9530927835051546,0.9491786447638604,0.9570393374741201,2204
HarvardX,full,nearmiss,KNN,4,0.8679449739930809,0.7962631532690418,0.7898810608789053,0.949781097089879,0.946611909650924,0.9529715762273901,2205
HarvardX,full,nearmiss,Ridge,0,0.9378537471139046,0.8068901520010261,0.800752751116751,0.952650540401441,0.9497178040020523,0.9556014455343315,2205
HarvardX,full,nearmiss,Ridge,1,0.9404798190451745,0.8296449884496919,0.8198487841427695,0.9566787003610109,0.952258726899384,0.961139896373057,2204
HarvardX,full,nearmiss,Ridge,2,0.933558513570738,0.8332281338137888,0.8160535117056856,0.9544513457556936,0.946611909650924,0.9624217118997912,2205
HarvardX,full,nearmiss,Ridge,3,0.9419496759496919,0.8553925500513346,0.8431335713853416,0.9620645161290322,0.9568788501026694,0.9673066943435392,2204
HarvardX,full,nearmiss,Ridge,4,0.9456681101638715,0.815420784761783,0.8117309069480384,0.9555155566983801,0.9537987679671458,0.9572385368366821,2205
HarvardX,full,nearmiss,LR,0,0.9384971058876347,0.808073651552078,0.799906913025151,0.9520865533230294,0.948178553104156,0.9560269011898603,2205
HarvardX,full,nearmiss,LR,1,0.9422544757443532,0.8315981134496919,0.821212258104316,0.9569254578282177,0.952258726899384,0.9616381544841887,2204
HarvardX,full,nearmiss,LR,2,0.9363429717399467,0.83128260852196,0.814716878122886,0.9542043984476067,0.946611909650924,0.9619196661450182,2205
HarvardX,full,nearmiss,LR,3,0.9448693371406571,0.8581156955852156,0.8469063048438155,0.9631158111942223,0.9584188911704312,0.9678589942975635,2204
HarvardX,full,nearmiss,LR,4,0.9470024129307522,0.8171096365423182,0.8123543645263591,0.9554926678672498,0.9532854209445585,0.9577101598762249,2205
HarvardX,full,nearmiss,SVC,0,0.9127807930348897,0.8235413192662904,0.8149676830125052,0.9556929417825863,0.9517701385325809,0.9596482152095189,2205
HarvardX,full,nearmiss,SVC,1,0.9217927842659137,0.8221894250513346,0.8200164121194738,0.9578622816032888,0.9568788501026694,0.9588477366255144,2204
HarvardX,full,nearmiss,SVC,2,0.9154655278485766,0.8355381954154315,0.8229470031027006,0.9568809708236509,0.9512320328542094,0.9625974025974026,2205
HarvardX,full,nearmiss,SVC,3,0.9075614412217659,0.8432607161190966,0.838659385881608,0.9619341563786008,0.9599589322381931,0.9639175257731959,2204
HarvardX,full,nearmiss,SVC,4,0.9172262881614586,0.8139886064925415,0.8118802255492903,0.9558067831449126,0.9548254620123203,0.9567901234567902,2205
HarvardX,full,nearmiss,ABC,0,0.9209109639558748,0.846226229797332,0.8071368900566924,0.948744769874477,0.930733709594664,0.9674666666666667,2205
HarvardX,full,nearmiss,ABC,1,0.9154471332777208,0.8180826488706365,0.8076072534276868,0.9535603715170279,0.9486652977412731,0.9585062240663901,2204
HarvardX,full,nearmiss,ABC,2,0.9202963830008228,0.8513331042913415,0.8123279656307805,0.9500392362019356,0.9322381930184805,0.9685333333333334,2205
HarvardX,full,nearmiss,ABC,3,0.9245690692376797,0.8215196676078029,0.822613909596676,0.9589533093894305,0.9594455852156057,0.9584615384615385,2204
HarvardX,full,nearmiss,ABC,4,0.9306671913326249,0.8150971963662221,0.797876180792071,0.949766960124288,0.9414784394250514,0.9582027168234065,2205
HarvardX,full,nearmiss,GBC,0,0.9291623909697281,0.8103003543483838,0.7817199184879673,0.9434748632456369,0.9291944586967675,0.9582010582010582,2205
HarvardX,full,nearmiss,GBC,1,0.9358396432238193,0.8208057944045175,0.8112701548162348,0.9546157813305828,0.9502053388090349,0.9590673575129534,2204
HarvardX,full,nearmiss,GBC,2,0.934690074225585,0.8176639314791585,0.8052359519493686,0.9524793388429752,0.946611909650924,0.9584199584199584,2205
HarvardX,full,nearmiss,GBC,3,0.926931267646304,0.8209060574948666,0.8160727697571559,0.9565217391304348,0.954312114989733,0.9587416193914389,2204
HarvardX,full,nearmiss,GBC,4,0.9506397861919638,0.8142862279180882,0.8039795456917244,0.9525283797729618,0.9476386036960985,0.9574688796680498,2205
HarvardX,full,nearmiss,XGB,0,0.8931262827090816,0.7969020571446896,0.7551300871412062,0.9327024185068349,0.9102103642893792,0.9563342318059299,2205
HarvardX,full,nearmiss,XGB,1,0.874221958418891,0.7987639566221766,0.7818924254024803,0.9458689458689459,0.9373716632443532,0.9545216936748563,2204
HarvardX,full,nearmiss,XGB,2,0.897306625971764,0.7982496264751237,0.7833129591606632,0.9464424320827943,0.938911704312115,0.9540949400104329,2205
HarvardX,full,nearmiss,XGB,3,0.8876712493583163,0.8013868390657084,0.7811603678676007,0.9449922158796056,0.9348049281314168,0.9554039874081847,2204
HarvardX,full,nearmiss,XGB,4,0.8532147108877508,0.787063854776724,0.7578013865130098,0.9362924281984334,0.9204312114989733,0.9527098831030818,2205
HarvardX,full,nearmiss,CB,0,0.9495805140456643,0.8435856528989225,0.8300957782075682,0.9586990191017036,0.952796305797845,0.9646753246753247,2205
HarvardX,full,nearmiss,CB,1,0.9407695793762835,0.8293321676078029,0.8282182105963679,0.9599383667180277,0.9594455852156057,0.960431654676259,2204
HarvardX,full,nearmiss,CB,2,0.9377471855799424,0.8324171653656549,0.8225821774653239,0.9571944301186178,0.9527720739219713,0.9616580310880829,2205
HarvardX,full,nearmiss,CB,3,0.9367450189296714,0.831385555698152,0.8347903071901913,0.9620707329574577,0.9635523613963038,0.9605936540429887,2204
HarvardX,full,nearmiss,CB,4,0.948666296470889,0.8215140341485629,0.8166929919361543,0.9565217391304348,0.954312114989733,0.9587416193914389,2205
